idEvent,strTimestamp,Round,Home Team,Home Score,Away Team,Away Score,Poster,Thumb
"2591447","2026-09-19 23:00:00","Round 500","Montreal Canadiens","","Toronto Maple Leafs","","","https://r2.thesportsdb.com/images/media/event/thumb/u3a8uo1760901098.jpg"
"2591448","2026-09-19 23:00:00","Round 500","St. Louis Blues","","Dallas Stars","","","https://r2.thesportsdb.com/images/media/event/thumb/s5tw981760900704.jpg"
"2591449","2026-09-19 23:00:00","Round 500","Toronto Maple Leafs","","Montreal Canadiens","","","https://r2.thesportsdb.com/images/media/event/thumb/kfina01760899972.jpg"
"2498517","2026-09-20 00:00:00","Round 500","Edmonton Oilers","","Winnipeg Jets","","","https://r2.thesportsdb.com/images/media/event/thumb/ohvr8a1760899983.jpg"
"2591450","2026-09-20 00:00:00","Round 500","Minnesota Wild","","Chicago Blackhawks","","","https://r2.thesportsdb.com/images/media/event/thumb/r24gmd1760901265.jpg"
"2498518","2026-09-20 01:00:00","Round 500","Los Angeles Kings","","Vegas Golden Knights","","","https://r2.thesportsdb.com/images/media/event/thumb/rdn5l81760900877.jpg"
"2591451","2026-09-20 01:00:00","Round 500","Seattle Kraken","","Vancouver Canucks","","","https://r2.thesportsdb.com/images/media/event/thumb/hcrigj1760900951.jpg"
"2591452","2026-09-20 17:00:00","Round 500","New Jersey Devils","","New York Islanders","","","https://r2.thesportsdb.com/images/media/event/thumb/yjbune1760900849.jpg"
"2498519","2026-09-20 20:00:00","Round 500","Anaheim Ducks","","San Jose Sharks","","","https://r2.thesportsdb.com/images/media/event/thumb/dee7ur1760901660.jpg"
"2498520","2026-09-20 21:00:00","Round 500","Boston Bruins","","Washington Capitals","","","https://r2.thesportsdb.com/images/media/event/thumb/og3vb51760901045.jpg"
"2591453","2026-09-20 21:00:00","Round 500","Tampa Bay Lightning","","Nashville Predators","","","https://r2.thesportsdb.com/images/media/event/thumb/6axxd01760901445.jpg"
"2498521","2026-09-20 23:00:00","Round 500","Colorado Avalanche","","Utah Mammoth","","","https://r2.thesportsdb.com/images/media/event/thumb/f3cspo1760900211.jpg"
"2591454","2026-09-20 23:00:00","Round 500","Florida Panthers","","Carolina Hurricanes","","","https://r2.thesportsdb.com/images/media/event/thumb/32ojgt1760900139.jpg"
"2498522","2026-09-21 00:00:00","Round 500","Calgary Flames","","Seattle Kraken","","","https://r2.thesportsdb.com/images/media/event/thumb/3pwqg71760900369.jpg"
"2498523","2026-09-21 23:00:00","Round 500","Washington Capitals","","Philadelphia Flyers","","","https://r2.thesportsdb.com/images/media/event/thumb/ftmz7t1760901465.jpg"
"2591455","2026-09-21 23:00:00","Round 500","Pittsburgh Penguins","","Buffalo Sabres","","","https://r2.thesportsdb.com/images/media/event/thumb/fxma571760901014.jpg"
"2591456","2026-09-21 23:00:00","Round 500","Columbus Blue Jackets","","Detroit Red Wings","","","https://r2.thesportsdb.com/images/media/event/thumb/dc8nxx1760899948.jpg"
"2591457","2026-09-21 23:00:00","Round 500","New Jersey Devils","","New York Rangers","","https://r2.thesportsdb.com/images/media/event/poster/7nqems1681781182.jpg","https://r2.thesportsdb.com/images/media/event/thumb/37jpa51760901047.jpg"
"2591458","2026-09-21 23:00:00","Round 500","Montreal Canadiens","","Ottawa Senators","","","https://r2.thesportsdb.com/images/media/event/thumb/sq56bv1760899927.jpg"
"2498524","2026-09-22 00:00:00","Round 500","Winnipeg Jets","","Colorado Avalanche","","","https://r2.thesportsdb.com/images/media/event/thumb/1g0pid1760901389.jpg"
"2591459","2026-09-22 00:00:00","Round 500","Chicago Blackhawks","","Minnesota Wild","","","https://r2.thesportsdb.com/images/media/event/thumb/sfmthl1760901231.jpg"
"2591460","2026-09-22 00:00:00","Round 500","Dallas Stars","","St. Louis Blues","","","https://r2.thesportsdb.com/images/media/event/thumb/1etxtk1760900839.jpg"
"2498525","2026-09-22 23:00:00","Round 500","Boston Bruins","","Philadelphia Flyers","","","https://r2.thesportsdb.com/images/media/event/thumb/450m2r1760900735.jpg"
"2591461","2026-09-22 23:00:00","Round 500","Pittsburgh Penguins","","Detroit Red Wings","","","https://r2.thesportsdb.com/images/media/event/thumb/xbfvgu1760901463.jpg"
"2591462","2026-09-22 23:00:00","Round 500","New York Rangers","","New York Islanders","","","https://r2.thesportsdb.com/images/media/event/thumb/pg39451760900720.jpg"
"2591463","2026-09-22 23:00:00","Round 500","Carolina Hurricanes","","Florida Panthers","","","https://r2.thesportsdb.com/images/media/event/thumb/h5e8661760900519.jpg"
"2591464","2026-09-22 23:00:00","Round 500","Buffalo Sabres","","Columbus Blue Jackets","","","https://r2.thesportsdb.com/images/media/event/thumb/3126ib1760901633.jpg"
"2498526","2026-09-23 00:00:00","Round 500","Winnipeg Jets","","Edmonton Oilers","","","https://r2.thesportsdb.com/images/media/event/thumb/3mwid91760900414.jpg"
"2591465","2026-09-23 00:00:00","Round 500","Nashville Predators","","Tampa Bay Lightning","","","https://r2.thesportsdb.com/images/media/event/thumb/nxyl7c1760899569.jpg"
"2498527","2026-09-23 01:00:00","Round 500","Calgary Flames","","Vancouver Canucks","","","https://r2.thesportsdb.com/images/media/event/thumb/a932k21760901433.jpg"
"2498528","2026-09-23 02:00:00","Round 500","Los Angeles Kings","","Utah Mammoth","","","https://r2.thesportsdb.com/images/media/event/thumb/bldta21760901431.jpg"
"2498529","2026-09-23 02:00:00","Round 500","San Jose Sharks","","Vegas Golden Knights","","","https://r2.thesportsdb.com/images/media/event/thumb/0ikwh71760900458.jpg"
"2591466","2026-09-23 23:00:00","Round 500","Ottawa Senators","","Toronto Maple Leafs","","","https://r2.thesportsdb.com/images/media/event/thumb/70pjzm1760901767.jpg"
"2603163","2026-09-23 23:00:00","Round 0","Toronto Maple Leafs","","Ottawa Senators","","","https://r2.thesportsdb.com/images/media/event/thumb/q7look1760900936.jpg"
"2591467","2026-09-24 00:00:00","Round 500","Dallas Stars","","Minnesota Wild","","https://r2.thesportsdb.com/images/media/event/poster/khoj5x1681781304.jpg","https://r2.thesportsdb.com/images/media/event/thumb/3shfp81760901655.jpg"
"2498530","2026-09-24 02:00:00","Round 500","Anaheim Ducks","","Los Angeles Kings","","","https://r2.thesportsdb.com/images/media/event/thumb/vk5b6u1760900550.jpg"
"2498532","2026-09-24 23:00:00","Round 500","Philadelphia Flyers","","Boston Bruins","","","https://r2.thesportsdb.com/images/media/event/thumb/hzurhc1760901575.jpg"
"2591468","2026-09-24 23:00:00","Round 500","Buffalo Sabres","","Detroit Red Wings","","","https://r2.thesportsdb.com/images/media/event/thumb/b06khc1760901400.jpg"
"2591469","2026-09-24 23:00:00","Round 500","Carolina Hurricanes","","Nashville Predators","","","https://r2.thesportsdb.com/images/media/event/thumb/bsqmld1760899977.jpg"
"2591470","2026-09-24 23:00:00","Round 500","Columbus Blue Jackets","","Pittsburgh Penguins","","","https://r2.thesportsdb.com/images/media/event/thumb/yjpu781760900355.jpg"
"2591471","2026-09-24 23:00:00","Round 500","New York Rangers","","New Jersey Devils","","","https://r2.thesportsdb.com/images/media/event/thumb/1qylog1760901469.jpg"
"2591472","2026-09-24 23:00:00","Round 500","Tampa Bay Lightning","","Florida Panthers","","","https://r2.thesportsdb.com/images/media/event/thumb/kt1ck01760900858.jpg"
"2591473","2026-09-25 00:00:00","Round 500","St. Louis Blues","","Chicago Blackhawks","","","https://r2.thesportsdb.com/images/media/event/thumb/yci5e31760900049.jpg"
"2498533","2026-09-25 01:00:00","Round 500","Vancouver Canucks","","Edmonton Oilers","","","https://r2.thesportsdb.com/images/media/event/thumb/fth6c91760900548.jpg"
"2498535","2026-09-25 01:40:00","Round 500","Seattle Kraken","","Calgary Flames","","","https://r2.thesportsdb.com/images/media/event/thumb/e8br8r1760901692.jpg"
"2498531","2026-09-25 02:00:00","Round 500","Vegas Golden Knights","","Utah Mammoth","","","https://r2.thesportsdb.com/images/media/event/thumb/8xfsd11760901275.jpg"
"2498534","2026-09-25 02:00:00","Round 500","San Jose Sharks","","Anaheim Ducks","","","https://r2.thesportsdb.com/images/media/event/thumb/keol0m1760901489.jpg"
"2498536","2026-09-25 23:00:00","Round 500","Washington Capitals","","Boston Bruins","","","https://r2.thesportsdb.com/images/media/event/thumb/ti7wgg1760901174.jpg"
"2591474","2026-09-25 23:30:00","Round 500","New York Islanders","","New York Rangers","","","https://r2.thesportsdb.com/images/media/event/thumb/delzg81760900715.jpg"
"2591475","2026-09-26 00:00:00","Round 500","Minnesota Wild","","Dallas Stars","","","https://r2.thesportsdb.com/images/media/event/thumb/m1nvt01760901297.jpg"
"2498537","2026-09-26 00:30:00","Round 500","Colorado Avalanche","","Winnipeg Jets","","","https://r2.thesportsdb.com/images/media/event/thumb/ngy6be1760901427.jpg"
"2591476","2026-09-26 19:00:00","Round 500","Buffalo Sabres","","Pittsburgh Penguins","","","https://r2.thesportsdb.com/images/media/event/thumb/p51oif1760900847.jpg"
"2591477","2026-09-26 19:00:00","Round 500","Nashville Predators","","Carolina Hurricanes","","","https://r2.thesportsdb.com/images/media/event/thumb/kgueam1760900116.jpg"
"2498538","2026-09-26 20:00:00","Round 500","Los Angeles Kings","","Anaheim Ducks","","","https://r2.thesportsdb.com/images/media/event/thumb/4tcfoq1760900526.jpg"
"2498539","2026-09-26 21:00:00","Round 500","Philadelphia Flyers","","Washington Capitals","","","https://r2.thesportsdb.com/images/media/event/thumb/v3pv3x1760901134.jpg"
"2498540","2026-09-26 21:00:00","Round 500","Utah Mammoth","","Colorado Avalanche","","","https://r2.thesportsdb.com/images/media/event/thumb/2oqmud1760900874.jpg"
"2591478","2026-09-26 22:00:00","Round 500","Florida Panthers","","Tampa Bay Lightning","","","https://r2.thesportsdb.com/images/media/event/thumb/vq85c51760900229.jpg"
"2591479","2026-09-26 23:00:00","Round 500","Chicago Blackhawks","","St. Louis Blues","","","https://r2.thesportsdb.com/images/media/event/thumb/9z0kpo1760901676.jpg"
"2591480","2026-09-26 23:00:00","Round 500","Detroit Red Wings","","Columbus Blue Jackets","","","https://r2.thesportsdb.com/images/media/event/thumb/ry1ppo1760901603.jpg"
"2591481","2026-09-26 23:00:00","Round 500","Montreal Canadiens","","Ottawa Senators","","","https://r2.thesportsdb.com/images/media/event/thumb/sq56bv1760899927.jpg"
"2591482","2026-09-26 23:00:00","Round 500","Ottawa Senators","","Montreal Canadiens","","","https://r2.thesportsdb.com/images/media/event/thumb/61ldmo1760901131.jpg"
"2591483","2026-09-26 23:00:00","Round 500","Vancouver Canucks","","Seattle Kraken","","","https://r2.thesportsdb.com/images/media/event/thumb/gp3sti1760901198.jpg"
"2591484","2026-09-26 23:30:00","Round 500","New York Islanders","","New Jersey Devils","","","https://r2.thesportsdb.com/images/media/event/thumb/ev36o11760900381.jpg"
"2498541","2026-09-27 01:00:00","Round 500","Edmonton Oilers","","Calgary Flames","","","https://r2.thesportsdb.com/images/media/event/thumb/bnhca01760900213.jpg"
"2498542","2026-09-27 02:00:00","Round 500","Vegas Golden Knights","","San Jose Sharks","","","https://r2.thesportsdb.com/images/media/event/thumb/eehwaj1760900217.jpg"
"2591485","2026-09-29 21:00:00","Round 1","Carolina Hurricanes","","Florida Panthers","","","https://r2.thesportsdb.com/images/media/event/thumb/h5e8661760900519.jpg"
"2591486","2026-09-29 23:00:00","Round 1","Toronto Maple Leafs","","Montreal Canadiens","","","https://r2.thesportsdb.com/images/media/event/thumb/kfina01760899972.jpg"
"2591487","2026-09-30 00:00:00","Round 1","Boston Bruins","","New York Rangers","","","https://r2.thesportsdb.com/images/media/event/thumb/vfvfgm1760900426.jpg"
"2591488","2026-09-30 02:00:00","Round 1","Edmonton Oilers","","Vancouver Canucks","","","https://r2.thesportsdb.com/images/media/event/thumb/7n24by1760901783.jpg"
"2591489","2026-09-30 02:30:00","Round 1","Vegas Golden Knights","","Chicago Blackhawks","","","https://r2.thesportsdb.com/images/media/event/thumb/1awm6j1760901200.jpg"
"2591490","2026-09-30 23:30:00","Round 1","Philadelphia Flyers","","Pittsburgh Penguins","","","https://r2.thesportsdb.com/images/media/event/thumb/gyd0ng1760899918.jpg"
"2591491","2026-09-30 23:30:00","Round 1","Toronto Maple Leafs","","New York Islanders","","","https://r2.thesportsdb.com/images/media/event/thumb/8t670e1760901229.jpg"
"2591492","2026-10-01 02:00:00","Round 1","Colorado Avalanche","","Los Angeles Kings","","","https://r2.thesportsdb.com/images/media/event/thumb/uq416z1760900265.jpg"
"2591493","2026-10-01 23:00:00","Round 1","Columbus Blue Jackets","","Buffalo Sabres","","","https://r2.thesportsdb.com/images/media/event/thumb/6kv5ys1760900330.jpg"
"2591494","2026-10-01 23:00:00","Round 1","New Jersey Devils","","Philadelphia Flyers","","","https://r2.thesportsdb.com/images/media/event/thumb/koz8ej1760901597.jpg"
"2591495","2026-10-01 23:00:00","Round 1","New York Rangers","","Tampa Bay Lightning","","","https://r2.thesportsdb.com/images/media/event/thumb/5bj4xr1760899894.jpg"
"2591496","2026-10-02 00:00:00","Round 1","Nashville Predators","","Minnesota Wild","","","https://r2.thesportsdb.com/images/media/event/thumb/50rwyp1760901683.jpg"
"2591498","2026-10-02 01:00:00","Round 1","Calgary Flames","","Seattle Kraken","","","https://r2.thesportsdb.com/images/media/event/thumb/3pwqg71760900369.jpg"
"2591497","2026-10-02 01:30:00","Round 1","Utah Mammoth","","Chicago Blackhawks","","","https://r2.thesportsdb.com/images/media/event/thumb/qxe3cx1760901159.jpg"
"2591499","2026-10-02 02:00:00","Round 1","San Jose Sharks","","Florida Panthers","","","https://r2.thesportsdb.com/images/media/event/thumb/9mfhn01760899680.jpg"
"2591500","2026-10-02 02:00:00","Round 1","Vancouver Canucks","","Edmonton Oilers","","","https://r2.thesportsdb.com/images/media/event/thumb/fth6c91760900548.jpg"
"2591501","2026-10-02 22:30:00","Round 1","Detroit Red Wings","","New York Rangers","","","https://r2.thesportsdb.com/images/media/event/thumb/y24gg81760899662.jpg"
"2591502","2026-10-02 23:00:00","Round 1","Carolina Hurricanes","","Washington Capitals","","","https://r2.thesportsdb.com/images/media/event/thumb/lgd3j91760899701.jpg"
"2591503","2026-10-03 00:00:00","Round 1","Winnipeg Jets","","Boston Bruins","","","https://r2.thesportsdb.com/images/media/event/thumb/umm5h61760900043.jpg"
"2591504","2026-10-03 01:00:00","Round 1","Dallas Stars","","St. Louis Blues","","","https://r2.thesportsdb.com/images/media/event/thumb/1etxtk1760900839.jpg"
"2591505","2026-10-03 02:00:00","Round 1","Vegas Golden Knights","","Anaheim Ducks","","","https://r2.thesportsdb.com/images/media/event/thumb/dcsuzo1760899683.jpg"
"2591506","2026-10-03 23:00:00","Round 1","Toronto Maple Leafs","","Ottawa Senators","","","https://r2.thesportsdb.com/images/media/event/thumb/q7look1760900936.jpg"
"2591507","2026-10-03 23:00:00","Round 1","Tampa Bay Lightning","","Washington Capitals","","","https://r2.thesportsdb.com/images/media/event/thumb/hojd3h1760899673.jpg"
"2591508","2026-10-03 23:00:00","Round 1","Pittsburgh Penguins","","Montreal Canadiens","","","https://r2.thesportsdb.com/images/media/event/thumb/0ba8y81760900178.jpg"
"2591509","2026-10-03 23:00:00","Round 1","Edmonton Oilers","","Seattle Kraken","","","https://r2.thesportsdb.com/images/media/event/thumb/a44hwg1760901483.jpg"
"2591510","2026-10-03 23:00:00","Round 1","Philadelphia Flyers","","Carolina Hurricanes","","","https://r2.thesportsdb.com/images/media/event/thumb/yhuq1b1760901717.jpg"
"2591511","2026-10-03 23:00:00","Round 1","Columbus Blue Jackets","","Utah Mammoth","","","https://r2.thesportsdb.com/images/media/event/thumb/o7fja31760901059.jpg"
"2591512","2026-10-03 23:00:00","Round 1","Buffalo Sabres","","Chicago Blackhawks","","","https://r2.thesportsdb.com/images/media/event/thumb/k044hk1760899802.jpg"
"2591513","2026-10-03 23:30:00","Round 1","New York Islanders","","New Jersey Devils","","","https://r2.thesportsdb.com/images/media/event/thumb/ev36o11760900381.jpg"
"2591514","2026-10-04 00:00:00","Round 1","Minnesota Wild","","Boston Bruins","","","https://r2.thesportsdb.com/images/media/event/thumb/sz0e3x1760900079.jpg"
"2591515","2026-10-04 00:00:00","Round 1","Nashville Predators","","Dallas Stars","","","https://r2.thesportsdb.com/images/media/event/thumb/y34hqf1760899670.jpg"
"2591516","2026-10-04 01:00:00","Round 1","Colorado Avalanche","","St. Louis Blues","","","https://r2.thesportsdb.com/images/media/event/thumb/iwmmhz1760901585.jpg"
"2591517","2026-10-04 02:00:00","Round 1","San Jose Sharks","","Los Angeles Kings","","","https://r2.thesportsdb.com/images/media/event/thumb/luubou1760899801.jpg"
"2591518","2026-10-04 02:00:00","Round 1","Vancouver Canucks","","Calgary Flames","","","https://r2.thesportsdb.com/images/media/event/thumb/qiwz4s1760899832.jpg"
"2591519","2026-10-04 17:00:00","Round 1","Detroit Red Wings","","Winnipeg Jets","","","https://r2.thesportsdb.com/images/media/event/thumb/cggq571760900291.jpg"
"2591520","2026-10-04 22:00:00","Round 1","New York Rangers","","Utah Mammoth","","","https://r2.thesportsdb.com/images/media/event/thumb/sa9zx51760900363.jpg"
"2591521","2026-10-05 00:00:00","Round 2","Anaheim Ducks","","Florida Panthers","","","https://r2.thesportsdb.com/images/media/event/thumb/c55mjj1760899639.jpg"
"2591522","2026-10-05 00:00:00","Round 2","Seattle Kraken","","Calgary Flames","","","https://r2.thesportsdb.com/images/media/event/thumb/e8br8r1760901692.jpg"
"2591523","2026-10-05 01:00:00","Round 2","Vancouver Canucks","","Vegas Golden Knights","","","https://r2.thesportsdb.com/images/media/event/thumb/6v9hlw1760901619.jpg"
"2591524","2026-10-05 23:00:00","Round 2","Tampa Bay Lightning","","Philadelphia Flyers","","","https://r2.thesportsdb.com/images/media/event/thumb/ke4chn1760899837.jpg"
"2591525","2026-10-05 23:30:00","Round 2","Boston Bruins","","Ottawa Senators","","","https://r2.thesportsdb.com/images/media/event/thumb/p1bohs1760900183.jpg"
"2591526","2026-10-05 23:30:00","Round 2","Pittsburgh Penguins","","Winnipeg Jets","","","https://r2.thesportsdb.com/images/media/event/thumb/oy49rv1760901291.jpg"
"2591527","2026-10-06 00:00:00","Round 2","Dallas Stars","","San Jose Sharks","","","https://r2.thesportsdb.com/images/media/event/thumb/hpyh691760899965.jpg"
"2591528","2026-10-06 23:00:00","Round 2","Toronto Maple Leafs","","Nashville Predators","","","https://r2.thesportsdb.com/images/media/event/thumb/v5ucsx1760899436.jpg"
"2591530","2026-10-06 23:00:00","Round 2","New Jersey Devils","","Utah Mammoth","","","https://r2.thesportsdb.com/images/media/event/thumb/6vucfh1760900332.jpg"
"2591531","2026-10-06 23:00:00","Round 2","Detroit Red Wings","","Ottawa Senators","","","https://r2.thesportsdb.com/images/media/event/thumb/jq5vwe1760901338.jpg"
"2591532","2026-10-06 23:00:00","Round 2","Montreal Canadiens","","Carolina Hurricanes","","","https://r2.thesportsdb.com/images/media/event/thumb/zij97b1760901342.jpg"
"2591533","2026-10-06 23:00:00","Round 2","Buffalo Sabres","","Minnesota Wild","","","https://r2.thesportsdb.com/images/media/event/thumb/8wulul1760900528.jpg"
"2591529","2026-10-07 00:00:00","Round 2","New York Rangers","","New York Islanders","","","https://r2.thesportsdb.com/images/media/event/thumb/pg39451760900720.jpg"
"2591534","2026-10-07 00:00:00","Round 2","Chicago Blackhawks","","St. Louis Blues","","","https://r2.thesportsdb.com/images/media/event/thumb/9z0kpo1760901676.jpg"
"2591535","2026-10-07 01:40:00","Round 2","Seattle Kraken","","Vegas Golden Knights","","","https://r2.thesportsdb.com/images/media/event/thumb/68t1xr1760901662.jpg"
"2591536","2026-10-07 02:30:00","Round 2","Los Angeles Kings","","Florida Panthers","","","https://r2.thesportsdb.com/images/media/event/thumb/up8ju01760899659.jpg"
"2591537","2026-10-07 23:30:00","Round 2","Washington Capitals","","Pittsburgh Penguins","","","https://r2.thesportsdb.com/images/media/event/thumb/i3a4jd1760901701.jpg"
"2591538","2026-10-07 23:30:00","Round 2","Winnipeg Jets","","Colorado Avalanche","","","https://r2.thesportsdb.com/images/media/event/thumb/1g0pid1760901389.jpg"
"2591539","2026-10-08 02:00:00","Round 2","Anaheim Ducks","","Edmonton Oilers","","","https://r2.thesportsdb.com/images/media/event/thumb/nsfiax1760900881.jpg"
"2591540","2026-10-08 23:00:00","Round 2","Ottawa Senators","","Philadelphia Flyers","","","https://r2.thesportsdb.com/images/media/event/thumb/g1vdrq1760899516.jpg"
"2591541","2026-10-08 23:00:00","Round 2","Tampa Bay Lightning","","Minnesota Wild","","","https://r2.thesportsdb.com/images/media/event/thumb/ycz8t11760901351.jpg"
"2591542","2026-10-08 23:00:00","Round 2","Boston Bruins","","Utah Mammoth","","","https://r2.thesportsdb.com/images/media/event/thumb/x0aobk1760900094.jpg"
"2591543","2026-10-08 23:00:00","Round 2","Montreal Canadiens","","Nashville Predators","","","https://r2.thesportsdb.com/images/media/event/thumb/fpa8m31760899453.jpg"
"2591544","2026-10-08 23:00:00","Round 2","Carolina Hurricanes","","Vancouver Canucks","","","https://r2.thesportsdb.com/images/media/event/thumb/ra4qc11760899732.jpg"
"2591545","2026-10-08 23:00:00","Round 2","Buffalo Sabres","","Dallas Stars","","","https://r2.thesportsdb.com/images/media/event/thumb/2sjbnw1760901759.jpg"
"2591546","2026-10-08 23:30:00","Round 2","New York Islanders","","Chicago Blackhawks","","","https://r2.thesportsdb.com/images/media/event/thumb/jnewps1760901344.jpg"
"2591547","2026-10-09 00:00:00","Round 2","St. Louis Blues","","San Jose Sharks","","","https://r2.thesportsdb.com/images/media/event/thumb/cgv6ar1760901387.jpg"
"2591548","2026-10-09 01:00:00","Round 2","Calgary Flames","","Colorado Avalanche","","","https://r2.thesportsdb.com/images/media/event/thumb/b70x8j1760901750.jpg"
"2591549","2026-10-09 02:00:00","Round 2","Vegas Golden Knights","","Toronto Maple Leafs","","","https://r2.thesportsdb.com/images/media/event/thumb/dnf4be1760900517.jpg"
"2591550","2026-10-09 23:00:00","Round 2","Washington Capitals","","New York Rangers","","","https://r2.thesportsdb.com/images/media/event/thumb/dnxz0u1760900282.jpg"
"2591551","2026-10-09 23:00:00","Round 2","Detroit Red Wings","","Seattle Kraken","","","https://r2.thesportsdb.com/images/media/event/thumb/fn6lbn1760899769.jpg"
"2591552","2026-10-09 23:00:00","Round 2","Columbus Blue Jackets","","Pittsburgh Penguins","","","https://r2.thesportsdb.com/images/media/event/thumb/yjpu781760900355.jpg"
"2591553","2026-10-10 00:00:00","Round 2","Winnipeg Jets","","Anaheim Ducks","","","https://r2.thesportsdb.com/images/media/event/thumb/ez8hxs1760901124.jpg"
"2591554","2026-10-10 17:00:00","Round 2","Boston Bruins","","Philadelphia Flyers","","","https://r2.thesportsdb.com/images/media/event/thumb/450m2r1760900735.jpg"
"2591555","2026-10-10 19:30:00","Round 2","New Jersey Devils","","Vancouver Canucks","","","https://r2.thesportsdb.com/images/media/event/thumb/gpjhh91760900073.jpg"
"2591556","2026-10-10 20:00:00","Round 2","San Jose Sharks","","Edmonton Oilers","","","https://r2.thesportsdb.com/images/media/event/thumb/11zgb21760901628.jpg"
"2591557","2026-10-10 22:00:00","Round 2","Florida Panthers","","Minnesota Wild","","","https://r2.thesportsdb.com/images/media/event/thumb/fxj6d71760901383.jpg"
"2591558","2026-10-10 23:00:00","Round 2","Ottawa Senators","","Nashville Predators","","","https://r2.thesportsdb.com/images/media/event/thumb/7a3cyr1760899423.jpg"
"2591559","2026-10-10 23:00:00","Round 2","St. Louis Blues","","Columbus Blue Jackets","","","https://r2.thesportsdb.com/images/media/event/thumb/f1b4v11760900777.jpg"
"2591560","2026-10-10 23:00:00","Round 2","Pittsburgh Penguins","","Dallas Stars","","","https://r2.thesportsdb.com/images/media/event/thumb/xvfflf1760901418.jpg"
"2591561","2026-10-10 23:00:00","Round 2","Montreal Canadiens","","Detroit Red Wings","","","https://r2.thesportsdb.com/images/media/event/thumb/v2k1jx1760900437.jpg"
"2591562","2026-10-10 23:00:00","Round 2","Colorado Avalanche","","Toronto Maple Leafs","","","https://r2.thesportsdb.com/images/media/event/thumb/jybli81760900472.jpg"
"2591563","2026-10-10 23:00:00","Round 2","Chicago Blackhawks","","Carolina Hurricanes","","","https://r2.thesportsdb.com/images/media/event/thumb/du2r171760901650.jpg"
"2591564","2026-10-10 23:00:00","Round 2","Buffalo Sabres","","Utah Mammoth","","","https://r2.thesportsdb.com/images/media/event/thumb/begcdw1760899634.jpg"
"2591565","2026-10-10 23:30:00","Round 2","New York Islanders","","Tampa Bay Lightning","","","https://r2.thesportsdb.com/images/media/event/thumb/syqbux1760900057.jpg"
"2591566","2026-10-11 02:00:00","Round 2","Calgary Flames","","Anaheim Ducks","","","https://r2.thesportsdb.com/images/media/event/thumb/16zf421760901392.jpg"
"2591567","2026-10-11 02:00:00","Round 2","Vegas Golden Knights","","Los Angeles Kings","","","https://r2.thesportsdb.com/images/media/event/thumb/7ykc001760900860.jpg"
"2591568","2026-10-11 21:00:00","Round 2","Washington Capitals","","Seattle Kraken","","","https://r2.thesportsdb.com/images/media/event/thumb/xecavp1760899499.jpg"
"2591569","2026-10-11 22:00:00","Round 2","New York Rangers","","Vancouver Canucks","","","https://r2.thesportsdb.com/images/media/event/thumb/saldn21760900102.jpg"
"2591570","2026-10-11 23:00:00","Round 2","Philadelphia Flyers","","Carolina Hurricanes","","","https://r2.thesportsdb.com/images/media/event/thumb/yhuq1b1760901717.jpg"
"2591571","2026-10-12 17:00:00","Round 3","Buffalo Sabres","","Florida Panthers","","","https://r2.thesportsdb.com/images/media/event/thumb/jqoqyv1760900460.jpg"
"2591572","2026-10-12 23:00:00","Round 3","New Jersey Devils","","Ottawa Senators","","","https://r2.thesportsdb.com/images/media/event/thumb/5uuwbn1760901708.jpg"
"2591573","2026-10-13 00:00:00","Round 3","Minnesota Wild","","Vegas Golden Knights","","","https://r2.thesportsdb.com/images/media/event/thumb/c0tlb71760899757.jpg"
"2591574","2026-10-13 22:00:00","Round 3","Detroit Red Wings","","New Jersey Devils","","","https://r2.thesportsdb.com/images/media/event/thumb/p9t0fz1760901680.jpg"
"2591575","2026-10-13 22:15:00","Round 3","Columbus Blue Jackets","","Florida Panthers","","","https://r2.thesportsdb.com/images/media/event/thumb/sm8ooi1760901016.jpg"
"2591576","2026-10-13 22:30:00","Round 3","Montreal Canadiens","","Buffalo Sabres","","","https://r2.thesportsdb.com/images/media/event/thumb/px7ibv1760900615.jpg"
"2591577","2026-10-13 22:45:00","Round 3","Carolina Hurricanes","","Washington Capitals","","","https://r2.thesportsdb.com/images/media/event/thumb/lgd3j91760899701.jpg"
"2591578","2026-10-13 23:00:00","Round 3","Philadelphia Flyers","","Seattle Kraken","","","https://r2.thesportsdb.com/images/media/event/thumb/w0f11v1760899488.jpg"
"2591579","2026-10-13 23:15:00","Round 3","New York Rangers","","Tampa Bay Lightning","","","https://r2.thesportsdb.com/images/media/event/thumb/5bj4xr1760899894.jpg"
"2591580","2026-10-13 23:30:00","Round 3","Ottawa Senators","","St. Louis Blues","","","https://r2.thesportsdb.com/images/media/event/thumb/vjdway1760899975.jpg"
"2591581","2026-10-13 23:45:00","Round 3","New York Islanders","","Vancouver Canucks","","","https://r2.thesportsdb.com/images/media/event/thumb/tobym21760900141.jpg"
"2591582","2026-10-14 00:00:00","Round 3","Chicago Blackhawks","","Pittsburgh Penguins","","","https://r2.thesportsdb.com/images/media/event/thumb/vuup6e1760900250.jpg"
"2591583","2026-10-14 00:15:00","Round 3","Winnipeg Jets","","Minnesota Wild","","","https://r2.thesportsdb.com/images/media/event/thumb/wtdws71760900223.jpg"
"2591584","2026-10-14 00:30:00","Round 3","Dallas Stars","","Colorado Avalanche","","","https://r2.thesportsdb.com/images/media/event/thumb/rne4w81760901535.jpg"
"2591585","2026-10-14 00:45:00","Round 3","Nashville Predators","","Vegas Golden Knights","","","https://r2.thesportsdb.com/images/media/event/thumb/eo82pv1760901293.jpg"
"2591586","2026-10-14 01:00:00","Round 3","Utah Mammoth","","Toronto Maple Leafs","","","https://r2.thesportsdb.com/images/media/event/thumb/v65q0p1760900492.jpg"
"2591587","2026-10-14 01:45:00","Round 3","Anaheim Ducks","","Calgary Flames","","","https://r2.thesportsdb.com/images/media/event/thumb/8sxi0z1760901559.jpg"
"2591588","2026-10-14 02:30:00","Round 3","Los Angeles Kings","","Edmonton Oilers","","","https://r2.thesportsdb.com/images/media/event/thumb/hgscx21760901674.jpg"
"2591589","2026-10-14 03:00:00","Round 3","San Jose Sharks","","Boston Bruins","","","https://r2.thesportsdb.com/images/media/event/thumb/3t03c71760899831.jpg"
"2591590","2026-10-14 23:30:00","Round 3","Washington Capitals","","Montreal Canadiens","","","https://r2.thesportsdb.com/images/media/event/thumb/691w751760900481.jpg"
"2591591","2026-10-15 00:30:00","Round 3","Colorado Avalanche","","Dallas Stars","","","https://r2.thesportsdb.com/images/media/event/thumb/obmr9k1760901252.jpg"
"2591592","2026-10-15 23:00:00","Round 3","Ottawa Senators","","New York Islanders","","","https://r2.thesportsdb.com/images/media/event/thumb/z0sq1f1760901256.jpg"
"2591593","2026-10-15 23:00:00","Round 3","Toronto Maple Leafs","","Buffalo Sabres","","","https://r2.thesportsdb.com/images/media/event/thumb/ve5ewr1760900690.jpg"
"2591594","2026-10-15 23:00:00","Round 3","Tampa Bay Lightning","","Seattle Kraken","","","https://r2.thesportsdb.com/images/media/event/thumb/rd6qfn1760901372.jpg"
"2591595","2026-10-15 23:00:00","Round 3","New Jersey Devils","","New York Rangers","","https://r2.thesportsdb.com/images/media/event/poster/7nqems1681781182.jpg","https://r2.thesportsdb.com/images/media/event/thumb/37jpa51760901047.jpg"
"2591596","2026-10-15 23:00:00","Round 3","Florida Panthers","","Vancouver Canucks","","","https://r2.thesportsdb.com/images/media/event/thumb/lefcdc1760899764.jpg"
"2591597","2026-10-15 23:30:00","Round 3","Detroit Red Wings","","Philadelphia Flyers","","","https://r2.thesportsdb.com/images/media/event/thumb/v709s71760901630.jpg"
"2591598","2026-10-16 00:00:00","Round 3","Chicago Blackhawks","","Winnipeg Jets","","","https://r2.thesportsdb.com/images/media/event/thumb/twwhcm1760901481.jpg"
"2591599","2026-10-16 00:00:00","Round 3","Minnesota Wild","","St. Louis Blues","","","https://r2.thesportsdb.com/images/media/event/thumb/1qyz8b1760900961.jpg"
"2591600","2026-10-16 00:00:00","Round 3","Nashville Predators","","San Jose Sharks","","","https://r2.thesportsdb.com/images/media/event/thumb/ah2g2a1760901724.jpg"
"2591601","2026-10-16 01:00:00","Round 3","Edmonton Oilers","","Utah Mammoth","","","https://r2.thesportsdb.com/images/media/event/thumb/lrgpn01760899577.jpg"
"2591602","2026-10-16 02:00:00","Round 3","Vegas Golden Knights","","Calgary Flames","","","https://r2.thesportsdb.com/images/media/event/thumb/bb0fht1760901514.jpg"
"2591603","2026-10-17 01:00:00","Round 3","Colorado Avalanche","","Pittsburgh Penguins","","","https://r2.thesportsdb.com/images/media/event/thumb/hjjn331760901222.jpg"
"2591604","2026-10-17 02:00:00","Round 3","Anaheim Ducks","","Boston Bruins","","","https://r2.thesportsdb.com/images/media/event/thumb/b5be881760899785.jpg"
"2591605","2026-10-17 17:00:00","Round 3","Washington Capitals","","New Jersey Devils","","","https://r2.thesportsdb.com/images/media/event/thumb/bovmvc1760901280.jpg"
"2591606","2026-10-17 19:30:00","Round 3","Winnipeg Jets","","Carolina Hurricanes","","","https://r2.thesportsdb.com/images/media/event/thumb/5e2fut1760899805.jpg"
"2591607","2026-10-17 20:00:00","Round 3","Tampa Bay Lightning","","Vancouver Canucks","","","https://r2.thesportsdb.com/images/media/event/thumb/98cqmw1760899756.jpg"
"2591608","2026-10-17 22:00:00","Round 3","Florida Panthers","","Seattle Kraken","","","https://r2.thesportsdb.com/images/media/event/thumb/cskzvr1760901340.jpg"
"2591609","2026-10-17 23:00:00","Round 3","Chicago Blackhawks","","Dallas Stars","","","https://r2.thesportsdb.com/images/media/event/thumb/cn8dux1760900316.jpg"
"2591610","2026-10-17 23:00:00","Round 3","Columbus Blue Jackets","","New York Rangers","","","https://r2.thesportsdb.com/images/media/event/thumb/3tqgq81760901260.jpg"
"2591611","2026-10-17 23:00:00","Round 3","Detroit Red Wings","","San Jose Sharks","","","https://r2.thesportsdb.com/images/media/event/thumb/cy0s9z1760900520.jpg"
"2591612","2026-10-17 23:00:00","Round 3","Montreal Canadiens","","Buffalo Sabres","","","https://r2.thesportsdb.com/images/media/event/thumb/px7ibv1760900615.jpg"
"2591613","2026-10-17 23:00:00","Round 3","Philadelphia Flyers","","Ottawa Senators","","","https://r2.thesportsdb.com/images/media/event/thumb/fy4eoy1760900854.jpg"
"2591614","2026-10-17 23:00:00","Round 3","Toronto Maple Leafs","","New York Islanders","","","https://r2.thesportsdb.com/images/media/event/thumb/8t670e1760901229.jpg"
"2591615","2026-10-18 00:00:00","Round 3","Nashville Predators","","St. Louis Blues","","","https://r2.thesportsdb.com/images/media/event/thumb/2xd3w51760900802.jpg"
"2591616","2026-10-18 01:00:00","Round 3","Los Angeles Kings","","Boston Bruins","","","https://r2.thesportsdb.com/images/media/event/thumb/xru6cj1760899807.jpg"
"2591617","2026-10-18 02:00:00","Round 3","Vegas Golden Knights","","Pittsburgh Penguins","","","https://r2.thesportsdb.com/images/media/event/thumb/iwok9r1760901166.jpg"
"2591618","2026-10-18 02:00:00","Round 3","Utah Mammoth","","Edmonton Oilers","","","https://r2.thesportsdb.com/images/media/event/thumb/yc7tz31760901615.jpg"
"2591619","2026-10-18 22:00:00","Round 3","Minnesota Wild","","Columbus Blue Jackets","","","https://r2.thesportsdb.com/images/media/event/thumb/t6l2oo1760899411.jpg"
"2591620","2026-10-19 00:00:00","Round 4","Calgary Flames","","Carolina Hurricanes","","","https://r2.thesportsdb.com/images/media/event/thumb/o4pdji1760901061.jpg"
"2591621","2026-10-19 23:00:00","Round 4","New York Rangers","","Anaheim Ducks","","","https://r2.thesportsdb.com/images/media/event/thumb/4od1gb1760900085.jpg"
"2591622","2026-10-19 23:00:00","Round 4","Philadelphia Flyers","","Colorado Avalanche","","","https://r2.thesportsdb.com/images/media/event/thumb/peqbsg1760899988.jpg"
"2591623","2026-10-19 23:30:00","Round 4","Toronto Maple Leafs","","San Jose Sharks","","","https://r2.thesportsdb.com/images/media/event/thumb/rxzz8g1760900037.jpg"
"2591624","2026-10-20 01:00:00","Round 4","Utah Mammoth","","Pittsburgh Penguins","","","https://r2.thesportsdb.com/images/media/event/thumb/jkca2r1760901196.jpg"
"2591625","2026-10-20 23:00:00","Round 4","New York Islanders","","Anaheim Ducks","","","https://r2.thesportsdb.com/images/media/event/thumb/anz5ro1760900032.jpg"
"2591626","2026-10-20 23:00:00","Round 4","Washington Capitals","","Los Angeles Kings","","","https://r2.thesportsdb.com/images/media/event/thumb/hwb8bn1760899765.jpg"
"2591627","2026-10-20 23:00:00","Round 4","New Jersey Devils","","Colorado Avalanche","","","https://r2.thesportsdb.com/images/media/event/thumb/5q2htw1760899548.jpg"
"2591628","2026-10-20 23:00:00","Round 4","Montreal Canadiens","","San Jose Sharks","","","https://r2.thesportsdb.com/images/media/event/thumb/0fxvll1760901183.jpg"
"2591629","2026-10-20 23:00:00","Round 4","Columbus Blue Jackets","","Toronto Maple Leafs","","","https://r2.thesportsdb.com/images/media/event/thumb/1xik7e1760899859.jpg"
"2591630","2026-10-21 00:00:00","Round 4","Dallas Stars","","Boston Bruins","","","https://r2.thesportsdb.com/images/media/event/thumb/e0c4t61760900585.jpg"
"2591631","2026-10-21 00:00:00","Round 4","St. Louis Blues","","Winnipeg Jets","","","https://r2.thesportsdb.com/images/media/event/thumb/y52scv1760901647.jpg"
"2591632","2026-10-21 01:00:00","Round 4","Edmonton Oilers","","Minnesota Wild","","","https://r2.thesportsdb.com/images/media/event/thumb/i65k8d1760900786.jpg"
"2591633","2026-10-21 01:40:00","Round 4","Seattle Kraken","","Detroit Red Wings","","","https://r2.thesportsdb.com/images/media/event/thumb/znax101760899984.jpg"
"2591634","2026-10-21 02:00:00","Round 4","Vancouver Canucks","","Carolina Hurricanes","","","https://r2.thesportsdb.com/images/media/event/thumb/ec665c1760901008.jpg"
"2591635","2026-10-21 02:30:00","Round 4","Vegas Golden Knights","","Tampa Bay Lightning","","","https://r2.thesportsdb.com/images/media/event/thumb/691ryq1760899660.jpg"
"2591636","2026-10-21 23:30:00","Round 4","Buffalo Sabres","","Philadelphia Flyers","","","https://r2.thesportsdb.com/images/media/event/thumb/cp6gen1760900496.jpg"
"2591637","2026-10-21 23:30:00","Round 4","Ottawa Senators","","Florida Panthers","","","https://r2.thesportsdb.com/images/media/event/thumb/gip53c1760901644.jpg"
"2591638","2026-10-22 23:00:00","Round 4","Toronto Maple Leafs","","New York Rangers","","","https://r2.thesportsdb.com/images/media/event/thumb/3wmdiy1760901370.jpg"
"2591639","2026-10-22 23:00:00","Round 4","Pittsburgh Penguins","","Florida Panthers","","","https://r2.thesportsdb.com/images/media/event/thumb/phjmm41760901572.jpg"
"2591640","2026-10-22 23:00:00","Round 4","New Jersey Devils","","Anaheim Ducks","","","https://r2.thesportsdb.com/images/media/event/thumb/o2lo9o1760900053.jpg"
"2591641","2026-10-22 23:00:00","Round 4","Ottawa Senators","","San Jose Sharks","","","https://r2.thesportsdb.com/images/media/event/thumb/aevmlq1760901204.jpg"
"2591642","2026-10-22 23:00:00","Round 4","Boston Bruins","","Nashville Predators","","","https://r2.thesportsdb.com/images/media/event/thumb/mqqk9p1760900697.jpg"
"2591643","2026-10-22 23:30:00","Round 4","New York Islanders","","Los Angeles Kings","","","https://r2.thesportsdb.com/images/media/event/thumb/h1tnfi1760901168.jpg"
"2591644","2026-10-23 00:00:00","Round 4","Dallas Stars","","Winnipeg Jets","","","https://r2.thesportsdb.com/images/media/event/thumb/iuuc201760901508.jpg"
"2591645","2026-10-23 00:00:00","Round 4","St. Louis Blues","","Vegas Golden Knights","","","https://r2.thesportsdb.com/images/media/event/thumb/w5cr1o1760900320.jpg"
"2591646","2026-10-23 01:00:00","Round 4","Calgary Flames","","Minnesota Wild","","","https://r2.thesportsdb.com/images/media/event/thumb/aqofvd1760899957.jpg"
"2591647","2026-10-23 01:00:00","Round 4","Edmonton Oilers","","Carolina Hurricanes","","","https://r2.thesportsdb.com/images/media/event/thumb/2p0j1b1760901037.jpg"
"2591648","2026-10-23 02:00:00","Round 4","Seattle Kraken","","Utah Mammoth","","","https://r2.thesportsdb.com/images/media/event/thumb/neexjq1760901517.jpg"
"2591649","2026-10-23 02:00:00","Round 4","Vancouver Canucks","","Detroit Red Wings","","","https://r2.thesportsdb.com/images/media/event/thumb/zofszo1760900006.jpg"
"2591650","2026-10-24 00:00:00","Round 4","Chicago Blackhawks","","Montreal Canadiens","","","https://r2.thesportsdb.com/images/media/event/thumb/tds5nn1760899408.jpg"
"2591651","2026-10-24 01:00:00","Round 4","Colorado Avalanche","","Tampa Bay Lightning","","","https://r2.thesportsdb.com/images/media/event/thumb/uqbxvu1760899638.jpg"
"2591652","2026-10-24 17:00:00","Round 4","Philadelphia Flyers","","Anaheim Ducks","","","https://r2.thesportsdb.com/images/media/event/thumb/6mocvb1760900377.jpg"
"2591653","2026-10-24 19:30:00","Round 4","New Jersey Devils","","Los Angeles Kings","","","https://r2.thesportsdb.com/images/media/event/thumb/fnk3xm1760901185.jpg"
"2591654","2026-10-24 23:00:00","Round 4","Boston Bruins","","San Jose Sharks","","","https://r2.thesportsdb.com/images/media/event/thumb/f1t1on1760901150.jpg"
"2591655","2026-10-24 23:00:00","Round 4","Columbus Blue Jackets","","Vegas Golden Knights","","","https://r2.thesportsdb.com/images/media/event/thumb/5sc08o1760900065.jpg"
"2591656","2026-10-24 23:00:00","Round 4","Edmonton Oilers","","Toronto Maple Leafs","","","https://r2.thesportsdb.com/images/media/event/thumb/2pt08p1760900823.jpg"
"2591657","2026-10-24 23:00:00","Round 4","Ottawa Senators","","New York Rangers","","","https://r2.thesportsdb.com/images/media/event/thumb/cc2cne1760899953.jpg"
"2591658","2026-10-24 23:00:00","Round 4","Pittsburgh Penguins","","Nashville Predators","","","https://r2.thesportsdb.com/images/media/event/thumb/gk89kj1760899754.jpg"
"2591659","2026-10-24 23:00:00","Round 4","St. Louis Blues","","Carolina Hurricanes","","","https://r2.thesportsdb.com/images/media/event/thumb/jn5fyy1760900485.jpg"
"2591660","2026-10-24 23:00:00","Round 4","Washington Capitals","","Buffalo Sabres","","","https://r2.thesportsdb.com/images/media/event/thumb/jtnwv61760901548.jpg"
"2591661","2026-10-25 00:00:00","Round 4","Utah Mammoth","","Tampa Bay Lightning","","","https://r2.thesportsdb.com/images/media/event/thumb/8825611760899618.jpg"
"2591662","2026-10-25 02:00:00","Round 4","Calgary Flames","","Detroit Red Wings","","","https://r2.thesportsdb.com/images/media/event/thumb/pdcsc01760900025.jpg"
"2591663","2026-10-25 02:00:00","Round 4","Seattle Kraken","","Minnesota Wild","","","https://r2.thesportsdb.com/images/media/event/thumb/z94k321760900418.jpg"
"2591664","2026-10-25 19:00:00","Round 4","Chicago Blackhawks","","Florida Panthers","","","https://r2.thesportsdb.com/images/media/event/thumb/8o1cpw1760900675.jpg"
"2591665","2026-10-25 22:00:00","Round 4","Dallas Stars","","New York Islanders","","","https://r2.thesportsdb.com/images/media/event/thumb/qzimtp1760899774.jpg"
"2591666","2026-10-25 23:00:00","Round 4","Winnipeg Jets","","Montreal Canadiens","","","https://r2.thesportsdb.com/images/media/event/thumb/mmi3571760900831.jpg"
"2591667","2026-10-26 00:00:00","Round 5","Nashville Predators","","Colorado Avalanche","","","https://r2.thesportsdb.com/images/media/event/thumb/kiwwmx1760900022.jpg"
"2591668","2026-10-26 02:00:00","Round 5","Vancouver Canucks","","Minnesota Wild","","","https://r2.thesportsdb.com/images/media/event/thumb/2z2uoe1760899986.jpg"
"2591669","2026-10-26 23:00:00","Round 5","New York Rangers","","Los Angeles Kings","","","https://r2.thesportsdb.com/images/media/event/thumb/jm2kh91760901214.jpg"
"2591670","2026-10-27 00:30:00","Round 5","Calgary Flames","","Toronto Maple Leafs","","","https://r2.thesportsdb.com/images/media/event/thumb/qul3gb1760900812.jpg"
"2591671","2026-10-27 01:30:00","Round 5","Edmonton Oilers","","Detroit Red Wings","","","https://r2.thesportsdb.com/images/media/event/thumb/if4gaf1760900046.jpg"
"2591672","2026-10-27 23:00:00","Round 5","Philadelphia Flyers","","Columbus Blue Jackets","","","https://r2.thesportsdb.com/images/media/event/thumb/rngz4c1760901346.jpg"
"2591673","2026-10-28 00:00:00","Round 5","St. Louis Blues","","Montreal Canadiens","","","https://r2.thesportsdb.com/images/media/event/thumb/e2zj191760900338.jpg"
"2591674","2026-10-28 00:00:00","Round 5","Winnipeg Jets","","Florida Panthers","","","https://r2.thesportsdb.com/images/media/event/thumb/2nan461760900620.jpg"
"2591675","2026-10-28 00:00:00","Round 5","Carolina Hurricanes","","Boston Bruins","","","https://r2.thesportsdb.com/images/media/event/thumb/wv01u21760901606.jpg"
"2591676","2026-10-28 00:00:00","Round 5","Nashville Predators","","New York Islanders","","","https://r2.thesportsdb.com/images/media/event/thumb/ukc54i1760900412.jpg"
"2591677","2026-10-28 00:00:00","Round 5","Dallas Stars","","New Jersey Devils","","","https://r2.thesportsdb.com/images/media/event/thumb/t6o0rl1760901359.jpg"
"2591678","2026-10-28 00:00:00","Round 5","Chicago Blackhawks","","Los Angeles Kings","","","https://r2.thesportsdb.com/images/media/event/thumb/2z8tln1760899553.jpg"
"2591679","2026-10-28 01:00:00","Round 5","Utah Mammoth","","Minnesota Wild","","","https://r2.thesportsdb.com/images/media/event/thumb/3vif1k1760900917.jpg"
"2591680","2026-10-28 02:00:00","Round 5","Anaheim Ducks","","Vancouver Canucks","","","https://r2.thesportsdb.com/images/media/event/thumb/ye1zlt1760901710.jpg"
"2591681","2026-10-28 02:00:00","Round 5","Vegas Golden Knights","","Ottawa Senators","","","https://r2.thesportsdb.com/images/media/event/thumb/6l2hww1760899868.jpg"
"2591682","2026-10-28 02:30:00","Round 5","San Jose Sharks","","Buffalo Sabres","","","https://r2.thesportsdb.com/images/media/event/thumb/fs1mjk1760901271.jpg"
"2591683","2026-10-28 23:30:00","Round 5","Washington Capitals","","Philadelphia Flyers","","","https://r2.thesportsdb.com/images/media/event/thumb/ftmz7t1760901465.jpg"
"2591684","2026-10-29 00:30:00","Round 5","Edmonton Oilers","","Calgary Flames","","","https://r2.thesportsdb.com/images/media/event/thumb/bnhca01760900213.jpg"
"2591685","2026-10-29 01:00:00","Round 5","Colorado Avalanche","","New Jersey Devils","","","https://r2.thesportsdb.com/images/media/event/thumb/2pzm391760899576.jpg"
"2591686","2026-10-29 02:00:00","Round 5","Seattle Kraken","","Toronto Maple Leafs","","","https://r2.thesportsdb.com/images/media/event/thumb/fk0hyn1760900750.jpg"
"2591687","2026-10-29 23:00:00","Round 5","Carolina Hurricanes","","Columbus Blue Jackets","","","https://r2.thesportsdb.com/images/media/event/thumb/3r9itt1760901503.jpg"
"2591689","2026-10-29 23:00:00","Round 5","Pittsburgh Penguins","","Utah Mammoth","","","https://r2.thesportsdb.com/images/media/event/thumb/ejy23l1760900075.jpg"
"2591690","2026-10-29 23:00:00","Round 5","Tampa Bay Lightning","","Winnipeg Jets","","","https://r2.thesportsdb.com/images/media/event/thumb/nn26xa1760900722.jpg"
"2591688","2026-10-29 23:30:00","Round 5","Detroit Red Wings","","Chicago Blackhawks","","","https://r2.thesportsdb.com/images/media/event/thumb/pqavu91760899684.jpg"
"2591691","2026-10-30 00:00:00","Round 5","St. Louis Blues","","Boston Bruins","","","https://r2.thesportsdb.com/images/media/event/thumb/yvfttu1760900017.jpg"
"2591692","2026-10-30 00:00:00","Round 5","Nashville Predators","","Washington Capitals","","","https://r2.thesportsdb.com/images/media/event/thumb/39rqps1760900455.jpg"
"2591693","2026-10-30 00:00:00","Round 5","Minnesota Wild","","New York Islanders","","","https://r2.thesportsdb.com/images/media/event/thumb/7x3o001760900444.jpg"
"2591694","2026-10-30 00:00:00","Round 5","Dallas Stars","","Montreal Canadiens","","","https://r2.thesportsdb.com/images/media/event/thumb/2l6xtp1760900353.jpg"
"2591695","2026-10-30 02:00:00","Round 5","Anaheim Ducks","","Buffalo Sabres","","","https://r2.thesportsdb.com/images/media/event/thumb/71w4yg1760901329.jpg"
"2591696","2026-10-30 02:00:00","Round 5","Los Angeles Kings","","Ottawa Senators","","","https://r2.thesportsdb.com/images/media/event/thumb/7tm8q91760899842.jpg"
"2591697","2026-10-30 02:00:00","Round 5","San Jose Sharks","","Vancouver Canucks","","","https://r2.thesportsdb.com/images/media/event/thumb/q3um3a1760901699.jpg"
"2591698","2026-10-30 22:00:00","Round 5","Vegas Golden Knights","","New Jersey Devils","","","https://r2.thesportsdb.com/images/media/event/thumb/t3qz201760900119.jpg"
"2591699","2026-10-30 23:00:00","Round 5","Florida Panthers","","Winnipeg Jets","","","https://r2.thesportsdb.com/images/media/event/thumb/r6urss1760900765.jpg"
"2591700","2026-10-31 00:00:00","Round 5","Calgary Flames","","Seattle Kraken","","","https://r2.thesportsdb.com/images/media/event/thumb/3pwqg71760900369.jpg"
"2591701","2026-10-31 17:00:00","Round 5","Boston Bruins","","Chicago Blackhawks","","","https://r2.thesportsdb.com/images/media/event/thumb/bp4tgd1760899384.jpg"
"2591702","2026-10-31 17:00:00","Round 5","Detroit Red Wings","","St. Louis Blues","","","https://r2.thesportsdb.com/images/media/event/thumb/75a0ca1760899537.jpg"
"2591703","2026-10-31 18:00:00","Round 5","Nashville Predators","","Tampa Bay Lightning","","","https://r2.thesportsdb.com/images/media/event/thumb/nxyl7c1760899569.jpg"
"2591704","2026-10-31 18:00:00","Round 5","New York Islanders","","Edmonton Oilers","","","https://r2.thesportsdb.com/images/media/event/thumb/yzbjuc1760899454.jpg"
"2591705","2026-10-31 20:00:00","Round 5","Los Angeles Kings","","Buffalo Sabres","","","https://r2.thesportsdb.com/images/media/event/thumb/625zh81760901295.jpg"
"2591706","2026-10-31 20:00:00","Round 5","San Jose Sharks","","Ottawa Senators","","","https://r2.thesportsdb.com/images/media/event/thumb/qpupd11760899811.jpg"
"2591707","2026-10-31 23:00:00","Round 5","Montreal Canadiens","","Pittsburgh Penguins","","","https://r2.thesportsdb.com/images/media/event/thumb/kwbj181760900165.jpg"
"2591708","2026-10-31 23:00:00","Round 5","Vancouver Canucks","","Toronto Maple Leafs","","","https://r2.thesportsdb.com/images/media/event/thumb/ct480n1760900772.jpg"
"2591709","2026-11-01 00:00:00","Round 5","Dallas Stars","","Columbus Blue Jackets","","","https://r2.thesportsdb.com/images/media/event/thumb/mr9tmf1760899501.jpg"
"2591710","2026-11-01 02:00:00","Round 5","Colorado Avalanche","","Calgary Flames","","","https://r2.thesportsdb.com/images/media/event/thumb/trcesj1760901652.jpg"
"2591711","2026-11-01 18:00:00","Round 5","Carolina Hurricanes","","Winnipeg Jets","","","https://r2.thesportsdb.com/images/media/event/thumb/bf5l6m1760899886.jpg"
"2591712","2026-11-01 20:30:00","Round 5","Washington Capitals","","Minnesota Wild","","","https://r2.thesportsdb.com/images/media/event/thumb/j3az3y1760899460.jpg"
"2591713","2026-11-01 21:00:00","Round 5","Philadelphia Flyers","","Utah Mammoth","","","https://r2.thesportsdb.com/images/media/event/thumb/m0hwof1760901018.jpg"
"2591714","2026-11-01 23:00:00","Round 5","New York Rangers","","Edmonton Oilers","","","https://r2.thesportsdb.com/images/media/event/thumb/bdr3yp1760899433.jpg"
"2591715","2026-11-02 01:00:00","Round 6","Anaheim Ducks","","Ottawa Senators","","","https://r2.thesportsdb.com/images/media/event/thumb/8v4j481760899800.jpg"
"2591716","2026-11-03 00:00:00","Round 6","Boston Bruins","","Vegas Golden Knights","","","https://r2.thesportsdb.com/images/media/event/thumb/zoy7y51760900609.jpg"
"2591717","2026-11-03 00:00:00","Round 6","Florida Panthers","","Detroit Red Wings","","","https://r2.thesportsdb.com/images/media/event/thumb/a0x6li1760901762.jpg"
"2591718","2026-11-03 01:00:00","Round 6","Chicago Blackhawks","","Colorado Avalanche","","","https://r2.thesportsdb.com/images/media/event/thumb/hm6yer1760901284.jpg"
"2591719","2026-11-03 02:00:00","Round 6","San Jose Sharks","","Calgary Flames","","","https://r2.thesportsdb.com/images/media/event/thumb/2n308d1760900908.jpg"
"2591720","2026-11-04 00:00:00","Round 6","Washington Capitals","","Dallas Stars","","","https://r2.thesportsdb.com/images/media/event/thumb/iy97zg1760900391.jpg"
"2591721","2026-11-04 00:00:00","Round 6","Pittsburgh Penguins","","Vegas Golden Knights","","","https://r2.thesportsdb.com/images/media/event/thumb/e2jr891760900954.jpg"
"2591722","2026-11-04 00:00:00","Round 6","Tampa Bay Lightning","","Detroit Red Wings","","","https://r2.thesportsdb.com/images/media/event/thumb/04gd3n1760901715.jpg"
"2591723","2026-11-04 00:00:00","Round 6","Toronto Maple Leafs","","Utah Mammoth","","","https://r2.thesportsdb.com/images/media/event/thumb/eim53h1760899643.jpg"
"2591724","2026-11-04 00:00:00","Round 6","Philadelphia Flyers","","Minnesota Wild","","","https://r2.thesportsdb.com/images/media/event/thumb/51to6t1760899471.jpg"
"2591726","2026-11-04 00:00:00","Round 6","Montreal Canadiens","","Winnipeg Jets","","","https://r2.thesportsdb.com/images/media/event/thumb/dvm9sr1760899941.jpg"
"2591727","2026-11-04 00:00:00","Round 6","Columbus Blue Jackets","","Colorado Avalanche","","","https://r2.thesportsdb.com/images/media/event/thumb/cyrvd01760899449.jpg"
"2591728","2026-11-04 00:00:00","Round 6","New York Rangers","","St. Louis Blues","","","https://r2.thesportsdb.com/images/media/event/thumb/vzp8uk1760899835.jpg"
"2591725","2026-11-04 00:30:00","Round 6","New Jersey Devils","","Edmonton Oilers","","","https://r2.thesportsdb.com/images/media/event/thumb/cnb8uf1760899467.jpg"
"2591729","2026-11-04 01:00:00","Round 6","Nashville Predators","","Carolina Hurricanes","","","https://r2.thesportsdb.com/images/media/event/thumb/kgueam1760900116.jpg"
"2591730","2026-11-04 02:00:00","Round 6","Vancouver Canucks","","Anaheim Ducks","","","https://r2.thesportsdb.com/images/media/event/thumb/b73hin1760901366.jpg"
"2591731","2026-11-05 00:30:00","Round 6","Buffalo Sabres","","Ottawa Senators","","","https://r2.thesportsdb.com/images/media/event/thumb/keiuxg1760899442.jpg"
"2591732","2026-11-05 00:30:00","Round 6","Florida Panthers","","Chicago Blackhawks","","","https://r2.thesportsdb.com/images/media/event/thumb/xk09y71760899376.jpg"
"2591733","2026-11-05 03:00:00","Round 6","Los Angeles Kings","","San Jose Sharks","","","https://r2.thesportsdb.com/images/media/event/thumb/scg3ia1760900398.jpg"
"2591734","2026-11-05 03:00:00","Round 6","Seattle Kraken","","Calgary Flames","","","https://r2.thesportsdb.com/images/media/event/thumb/e8br8r1760901692.jpg"
"2591735","2026-11-06 00:00:00","Round 6","New York Rangers","","Philadelphia Flyers","","","https://r2.thesportsdb.com/images/media/event/thumb/c60q6z1760900900.jpg"
"2591736","2026-11-06 00:00:00","Round 6","Tampa Bay Lightning","","Chicago Blackhawks","","","https://r2.thesportsdb.com/images/media/event/thumb/vwu4of1760899510.jpg"
"2591737","2026-11-06 00:00:00","Round 6","Pittsburgh Penguins","","Boston Bruins","","","https://r2.thesportsdb.com/images/media/event/thumb/muu8f51760901075.jpg"
"2591738","2026-11-06 00:00:00","Round 6","Columbus Blue Jackets","","Dallas Stars","","","https://r2.thesportsdb.com/images/media/event/thumb/83mttc1760900613.jpg"
"2591739","2026-11-06 00:00:00","Round 6","New York Islanders","","Carolina Hurricanes","","","https://r2.thesportsdb.com/images/media/event/thumb/516f721760901741.jpg"
"2591740","2026-11-06 00:00:00","Round 6","New Jersey Devils","","St. Louis Blues","","","https://r2.thesportsdb.com/images/media/event/thumb/091hav1760899854.jpg"
"2591741","2026-11-06 00:00:00","Round 6","Montreal Canadiens","","Utah Mammoth","","","https://r2.thesportsdb.com/images/media/event/thumb/dfidl01760899676.jpg"
"2591742","2026-11-06 00:00:00","Round 6","Detroit Red Wings","","Vegas Golden Knights","","","https://r2.thesportsdb.com/images/media/event/thumb/r1vapm1760901004.jpg"
"2591743","2026-11-06 01:00:00","Round 6","Edmonton Oilers","","Anaheim Ducks","","","https://r2.thesportsdb.com/images/media/event/thumb/pzuqa81760901409.jpg"
"2591744","2026-11-06 01:00:00","Round 6","Winnipeg Jets","","Vancouver Canucks","","","https://r2.thesportsdb.com/images/media/event/thumb/63ilsx1760901055.jpg"
"2591745","2026-11-06 02:30:00","Round 6","Colorado Avalanche","","Nashville Predators","","","https://r2.thesportsdb.com/images/media/event/thumb/jv2gm01760900524.jpg"
"2591746","2026-11-07 00:00:00","Round 6","Buffalo Sabres","","Columbus Blue Jackets","","","https://r2.thesportsdb.com/images/media/event/thumb/3126ib1760901633.jpg"
"2591747","2026-11-07 01:00:00","Round 6","Calgary Flames","","Anaheim Ducks","","","https://r2.thesportsdb.com/images/media/event/thumb/16zf421760901392.jpg"
"2591748","2026-11-07 01:00:00","Round 6","Minnesota Wild","","San Jose Sharks","","","https://r2.thesportsdb.com/images/media/event/thumb/brzdhv1760899705.jpg"
"2591749","2026-11-07 17:30:00","Round 6","Washington Capitals","","Florida Panthers","","","https://r2.thesportsdb.com/images/media/event/thumb/bfnuz11760900540.jpg"
"2591750","2026-11-07 18:00:00","Round 6","Nashville Predators","","St. Louis Blues","","","https://r2.thesportsdb.com/images/media/event/thumb/2xd3w51760900802.jpg"
"2591751","2026-11-07 22:00:00","Round 6","Seattle Kraken","","New York Rangers","","","https://r2.thesportsdb.com/images/media/event/thumb/uizfoe1760899617.jpg"
"2591752","2026-11-08 00:00:00","Round 6","New York Islanders","","New Jersey Devils","","","https://r2.thesportsdb.com/images/media/event/thumb/ev36o11760900381.jpg"
"2591753","2026-11-08 00:00:00","Round 6","Ottawa Senators","","Utah Mammoth","","","https://r2.thesportsdb.com/images/media/event/thumb/xzgrby1760899688.jpg"
"2591754","2026-11-08 00:00:00","Round 6","Toronto Maple Leafs","","Montreal Canadiens","","","https://r2.thesportsdb.com/images/media/event/thumb/kfina01760899972.jpg"
"2591755","2026-11-08 01:00:00","Round 6","Carolina Hurricanes","","Chicago Blackhawks","","","https://r2.thesportsdb.com/images/media/event/thumb/hd52uj1760900611.jpg"
"2591756","2026-11-08 01:00:00","Round 6","Dallas Stars","","San Jose Sharks","","","https://r2.thesportsdb.com/images/media/event/thumb/hpyh691760899965.jpg"
"2591757","2026-11-08 01:00:00","Round 6","Minnesota Wild","","Tampa Bay Lightning","","","https://r2.thesportsdb.com/images/media/event/thumb/hnrwor1760900998.jpg"
"2591758","2026-11-08 02:00:00","Round 6","Los Angeles Kings","","Pittsburgh Penguins","","","https://r2.thesportsdb.com/images/media/event/thumb/mmp4ex1760899457.jpg"
"2591759","2026-11-08 02:00:00","Round 6","Colorado Avalanche","","Detroit Red Wings","","","https://r2.thesportsdb.com/images/media/event/thumb/gey7vi1760900808.jpg"
"2591760","2026-11-08 03:00:00","Round 6","Edmonton Oilers","","Vancouver Canucks","","","https://r2.thesportsdb.com/images/media/event/thumb/7n24by1760901783.jpg"
"2591761","2026-11-08 18:00:00","Round 6","Boston Bruins","","Florida Panthers","","https://r2.thesportsdb.com/images/media/event/poster/dshn041681781287.jpg","https://r2.thesportsdb.com/images/media/event/thumb/zj1xa91760899500.jpg"
"2591762","2026-11-08 20:30:00","Round 6","Buffalo Sabres","","Vegas Golden Knights","","","https://r2.thesportsdb.com/images/media/event/thumb/iindmy1760900984.jpg"
"2591763","2026-11-09 00:00:00","Round 7","Calgary Flames","","Philadelphia Flyers","","","https://r2.thesportsdb.com/images/media/event/thumb/8wfdbg1760900300.jpg"
"2591764","2026-11-09 00:00:00","Round 7","Toronto Maple Leafs","","New Jersey Devils","","","https://r2.thesportsdb.com/images/media/event/thumb/j6053x1760900277.jpg"
"2591765","2026-11-09 00:00:00","Round 7","Winnipeg Jets","","Tampa Bay Lightning","","","https://r2.thesportsdb.com/images/media/event/thumb/vc23qp1760901024.jpg"
"2591766","2026-11-09 01:00:00","Round 7","Anaheim Ducks","","Pittsburgh Penguins","","","https://r2.thesportsdb.com/images/media/event/thumb/tl31871760899440.jpg"
"2591767","2026-11-10 01:00:00","Round 7","Edmonton Oilers","","New York Rangers","","","https://r2.thesportsdb.com/images/media/event/thumb/dz0nyd1760899594.jpg"
"2591768","2026-11-10 02:30:00","Round 7","Vancouver Canucks","","Philadelphia Flyers","","","https://r2.thesportsdb.com/images/media/event/thumb/2amzuq1760900280.jpg"
"2591769","2026-11-10 03:00:00","Round 7","San Jose Sharks","","New York Islanders","","","https://r2.thesportsdb.com/images/media/event/thumb/atdip81760901063.jpg"
"2591770","2026-11-11 00:00:00","Round 7","Toronto Maple Leafs","","Colorado Avalanche","","","https://r2.thesportsdb.com/images/media/event/thumb/mvi0ow1760900667.jpg"
"2591771","2026-11-11 00:00:00","Round 7","Ottawa Senators","","Washington Capitals","","","https://r2.thesportsdb.com/images/media/event/thumb/3bxjal1760900304.jpg"
"2591772","2026-11-11 00:00:00","Round 7","Montreal Canadiens","","Minnesota Wild","","","https://r2.thesportsdb.com/images/media/event/thumb/el2xd91760900581.jpg"
"2591773","2026-11-11 00:30:00","Round 7","Columbus Blue Jackets","","Florida Panthers","","","https://r2.thesportsdb.com/images/media/event/thumb/sm8ooi1760901016.jpg"
"2591774","2026-11-11 01:00:00","Round 7","St. Louis Blues","","Detroit Red Wings","","","https://r2.thesportsdb.com/images/media/event/thumb/ne0lbr1760899572.jpg"
"2591775","2026-11-11 01:00:00","Round 7","Winnipeg Jets","","New Jersey Devils","","","https://r2.thesportsdb.com/images/media/event/thumb/xz4l6x1760900451.jpg"
"2591776","2026-11-11 03:00:00","Round 7","Los Angeles Kings","","Nashville Predators","","","https://r2.thesportsdb.com/images/media/event/thumb/fyfklk1760901595.jpg"
"2591777","2026-11-12 00:00:00","Round 7","Buffalo Sabres","","Tampa Bay Lightning","","","https://r2.thesportsdb.com/images/media/event/thumb/rg7k4g1760901588.jpg"
"2591778","2026-11-12 00:30:00","Round 7","Calgary Flames","","New York Rangers","","","https://r2.thesportsdb.com/images/media/event/thumb/mdljif1760899556.jpg"
"2591779","2026-11-12 02:00:00","Round 7","Edmonton Oilers","","Philadelphia Flyers","","","https://r2.thesportsdb.com/images/media/event/thumb/i5qyai1760900334.jpg"
"2591780","2026-11-12 02:30:00","Round 7","Vegas Golden Knights","","Utah Mammoth","","","https://r2.thesportsdb.com/images/media/event/thumb/8xfsd11760901275.jpg"
"2591781","2026-11-12 03:00:00","Round 7","San Jose Sharks","","Pittsburgh Penguins","","","https://r2.thesportsdb.com/images/media/event/thumb/2h9m6d1760899479.jpg"
"2591782","2026-11-12 03:00:00","Round 7","Anaheim Ducks","","Nashville Predators","","","https://r2.thesportsdb.com/images/media/event/thumb/5fq2hg1760901617.jpg"
"2591783","2026-11-12 17:00:00","Round 7","Seattle Kraken","","Carolina Hurricanes","","","https://r2.thesportsdb.com/images/media/event/thumb/7j2q7e1760900975.jpg"
"2591784","2026-11-13 00:00:00","Round 7","Boston Bruins","","Montreal Canadiens","","","https://r2.thesportsdb.com/images/media/event/thumb/405b0w1760900654.jpg"
"2591785","2026-11-13 00:00:00","Round 7","Columbus Blue Jackets","","Tampa Bay Lightning","","","https://r2.thesportsdb.com/images/media/event/thumb/lxwmxl1760900656.jpg"
"2591787","2026-11-13 00:00:00","Round 7","New Jersey Devils","","Washington Capitals","","","https://r2.thesportsdb.com/images/media/event/thumb/wiixh51760901505.jpg"
"2591788","2026-11-13 00:00:00","Round 7","Ottawa Senators","","Colorado Avalanche","","","https://r2.thesportsdb.com/images/media/event/thumb/kqrbee1760900717.jpg"
"2591789","2026-11-13 00:00:00","Round 7","Toronto Maple Leafs","","Minnesota Wild","","","https://r2.thesportsdb.com/images/media/event/thumb/pabb8m1760900567.jpg"
"2591786","2026-11-13 00:30:00","Round 7","Florida Panthers","","Detroit Red Wings","","","https://r2.thesportsdb.com/images/media/event/thumb/a0x6li1760901762.jpg"
"2591790","2026-11-13 01:00:00","Round 7","Chicago Blackhawks","","Buffalo Sabres","","","https://r2.thesportsdb.com/images/media/event/thumb/nlyd3y1760901729.jpg"
"2591791","2026-11-13 01:00:00","Round 7","Dallas Stars","","Winnipeg Jets","","","https://r2.thesportsdb.com/images/media/event/thumb/iuuc201760901508.jpg"
"2591792","2026-11-13 02:00:00","Round 7","Utah Mammoth","","St. Louis Blues","","","https://r2.thesportsdb.com/images/media/event/thumb/07mp2q1760901776.jpg"
"2591793","2026-11-13 03:00:00","Round 7","Los Angeles Kings","","New York Islanders","","","https://r2.thesportsdb.com/images/media/event/thumb/wyoc5m1760901028.jpg"
"2591794","2026-11-14 02:00:00","Round 7","Vancouver Canucks","","New York Rangers","","","https://r2.thesportsdb.com/images/media/event/thumb/1owj6v1760899579.jpg"
"2591795","2026-11-14 03:00:00","Round 7","Vegas Golden Knights","","Nashville Predators","","","https://r2.thesportsdb.com/images/media/event/thumb/km570a1760900546.jpg"
"2591796","2026-11-14 18:00:00","Round 7","Carolina Hurricanes","","Seattle Kraken","","","https://r2.thesportsdb.com/images/media/event/thumb/z7wy9b1760900435.jpg"
"2591797","2026-11-14 20:30:00","Round 7","Chicago Blackhawks","","Winnipeg Jets","","","https://r2.thesportsdb.com/images/media/event/thumb/twwhcm1760901481.jpg"
"2591798","2026-11-15 00:00:00","Round 7","St. Louis Blues","","Florida Panthers","","","https://r2.thesportsdb.com/images/media/event/thumb/483n9e1760900742.jpg"
"2591799","2026-11-15 00:00:00","Round 7","Washington Capitals","","New Jersey Devils","","","https://r2.thesportsdb.com/images/media/event/thumb/bovmvc1760901280.jpg"
"2591800","2026-11-15 00:00:00","Round 7","Tampa Bay Lightning","","Detroit Red Wings","","","https://r2.thesportsdb.com/images/media/event/thumb/04gd3n1760901715.jpg"
"2591801","2026-11-15 00:00:00","Round 7","Toronto Maple Leafs","","Edmonton Oilers","","","https://r2.thesportsdb.com/images/media/event/thumb/7jusbz1760900061.jpg"
"2591802","2026-11-15 00:00:00","Round 7","Pittsburgh Penguins","","Ottawa Senators","","","https://r2.thesportsdb.com/images/media/event/thumb/vikxfo1760900796.jpg"
"2591803","2026-11-15 00:00:00","Round 7","Montreal Canadiens","","Colorado Avalanche","","","https://r2.thesportsdb.com/images/media/event/thumb/n9yrzm1760900731.jpg"
"2591804","2026-11-15 00:00:00","Round 7","Columbus Blue Jackets","","Philadelphia Flyers","","","https://r2.thesportsdb.com/images/media/event/thumb/7bqxv51760900712.jpg"
"2591805","2026-11-15 00:00:00","Round 7","Boston Bruins","","Minnesota Wild","","","https://r2.thesportsdb.com/images/media/event/thumb/84euic1760901411.jpg"
"2591806","2026-11-15 01:00:00","Round 7","Dallas Stars","","Buffalo Sabres","","","https://r2.thesportsdb.com/images/media/event/thumb/k4nnvv1760900296.jpg"
"2591807","2026-11-15 02:00:00","Round 7","Utah Mammoth","","San Jose Sharks","","","https://r2.thesportsdb.com/images/media/event/thumb/5g7prc1760899463.jpg"
"2591808","2026-11-15 03:00:00","Round 7","Anaheim Ducks","","New York Islanders","","","https://r2.thesportsdb.com/images/media/event/thumb/ri41cq1760901012.jpg"
"2591809","2026-11-15 03:00:00","Round 7","Los Angeles Kings","","Calgary Flames","","","https://r2.thesportsdb.com/images/media/event/thumb/yx4vak1760900944.jpg"
"2591810","2026-11-16 00:30:00","Round 8","Philadelphia Flyers","","Edmonton Oilers","","","https://r2.thesportsdb.com/images/media/event/thumb/wkke2e1760899713.jpg"
"2591811","2026-11-16 01:00:00","Round 8","Anaheim Ducks","","Calgary Flames","","","https://r2.thesportsdb.com/images/media/event/thumb/8sxi0z1760901559.jpg"
"2591812","2026-11-16 01:00:00","Round 8","Dallas Stars","","Florida Panthers","","","https://r2.thesportsdb.com/images/media/event/thumb/jbxqb01760900068.jpg"
"2591813","2026-11-16 02:00:00","Round 8","San Jose Sharks","","Nashville Predators","","","https://r2.thesportsdb.com/images/media/event/thumb/v3p3vi1760901565.jpg"
"2591814","2026-11-16 02:00:00","Round 8","Vegas Golden Knights","","Vancouver Canucks","","","https://r2.thesportsdb.com/images/media/event/thumb/82vb591760901460.jpg"
"2591815","2026-11-17 00:30:00","Round 8","New York Rangers","","Montreal Canadiens","","","https://r2.thesportsdb.com/images/media/event/thumb/d9ymi01760901496.jpg"
"2591816","2026-11-17 02:30:00","Round 8","Utah Mammoth","","Vancouver Canucks","","","https://r2.thesportsdb.com/images/media/event/thumb/8wt2rk1760900810.jpg"
"2591817","2026-11-18 00:00:00","Round 8","Philadelphia Flyers","","Buffalo Sabres","","","https://r2.thesportsdb.com/images/media/event/thumb/qgs7g01760899942.jpg"
"2591819","2026-11-18 00:00:00","Round 8","Boston Bruins","","Los Angeles Kings","","","https://r2.thesportsdb.com/images/media/event/thumb/qh342b1760901111.jpg"
"2591820","2026-11-18 00:00:00","Round 8","New York Islanders","","Columbus Blue Jackets","","","https://r2.thesportsdb.com/images/media/event/thumb/40w7kx1760901325.jpg"
"2591821","2026-11-18 00:00:00","Round 8","Florida Panthers","","Edmonton Oilers","","","https://r2.thesportsdb.com/images/media/event/thumb/mv903q1760899814.jpg"
"2591818","2026-11-18 00:30:00","Round 8","Tampa Bay Lightning","","Washington Capitals","","","https://r2.thesportsdb.com/images/media/event/thumb/hojd3h1760899673.jpg"
"2591822","2026-11-18 00:30:00","Round 8","Chicago Blackhawks","","Toronto Maple Leafs","","","https://r2.thesportsdb.com/images/media/event/thumb/ixzsi71760899741.jpg"
"2591823","2026-11-18 01:00:00","Round 8","Minnesota Wild","","Nashville Predators","","","https://r2.thesportsdb.com/images/media/event/thumb/0i9slw1760900207.jpg"
"2591824","2026-11-18 01:00:00","Round 8","St. Louis Blues","","Anaheim Ducks","","","https://r2.thesportsdb.com/images/media/event/thumb/o8e4hg1760899921.jpg"
"2591825","2026-11-18 01:00:00","Round 8","Winnipeg Jets","","Ottawa Senators","","","https://r2.thesportsdb.com/images/media/event/thumb/yxtalw1760900088.jpg"
"2591826","2026-11-18 03:00:00","Round 8","Vegas Golden Knights","","Dallas Stars","","","https://r2.thesportsdb.com/images/media/event/thumb/56qrnd1760900746.jpg"
"2591827","2026-11-18 03:00:00","Round 8","San Jose Sharks","","Calgary Flames","","","https://r2.thesportsdb.com/images/media/event/thumb/2n308d1760900908.jpg"
"2591828","2026-11-19 00:30:00","Round 8","Detroit Red Wings","","Boston Bruins","","","https://r2.thesportsdb.com/images/media/event/thumb/j9yec81760901310.jpg"
"2591829","2026-11-19 00:30:00","Round 8","New Jersey Devils","","Montreal Canadiens","","","https://r2.thesportsdb.com/images/media/event/thumb/moukxk1760901543.jpg"
"2591830","2026-11-19 02:00:00","Round 8","Utah Mammoth","","Colorado Avalanche","","","https://r2.thesportsdb.com/images/media/event/thumb/2oqmud1760900874.jpg"
"2591831","2026-11-20 00:00:00","Round 8","Carolina Hurricanes","","Montreal Canadiens","","","https://r2.thesportsdb.com/images/media/event/thumb/tnga921760901440.jpg"
"2591832","2026-11-20 00:00:00","Round 8","Ottawa Senators","","Philadelphia Flyers","","","https://r2.thesportsdb.com/images/media/event/thumb/g1vdrq1760899516.jpg"
"2591833","2026-11-20 00:00:00","Round 8","Pittsburgh Penguins","","St. Louis Blues","","","https://r2.thesportsdb.com/images/media/event/thumb/qdf6011760899558.jpg"
"2591835","2026-11-20 00:00:00","Round 8","Toronto Maple Leafs","","Los Angeles Kings","","","https://r2.thesportsdb.com/images/media/event/thumb/mpo0y71760899717.jpg"
"2591836","2026-11-20 00:00:00","Round 8","Washington Capitals","","Buffalo Sabres","","","https://r2.thesportsdb.com/images/media/event/thumb/jtnwv61760901548.jpg"
"2591834","2026-11-20 00:30:00","Round 8","Tampa Bay Lightning","","Edmonton Oilers","","","https://r2.thesportsdb.com/images/media/event/thumb/dnhyy51760899793.jpg"
"2591837","2026-11-20 01:00:00","Round 8","Winnipeg Jets","","New York Islanders","","","https://r2.thesportsdb.com/images/media/event/thumb/avsnst1760900488.jpg"
"2591838","2026-11-20 01:00:00","Round 8","Calgary Flames","","Minnesota Wild","","","https://r2.thesportsdb.com/images/media/event/thumb/aqofvd1760899957.jpg"
"2591839","2026-11-20 01:00:00","Round 8","Chicago Blackhawks","","Columbus Blue Jackets","","","https://r2.thesportsdb.com/images/media/event/thumb/r1utxy1760900753.jpg"
"2591840","2026-11-20 02:00:00","Round 8","Colorado Avalanche","","Anaheim Ducks","","","https://r2.thesportsdb.com/images/media/event/thumb/82sy7h1760900598.jpg"
"2591841","2026-11-20 02:40:00","Round 8","Seattle Kraken","","Vancouver Canucks","","","https://r2.thesportsdb.com/images/media/event/thumb/hcrigj1760900951.jpg"
"2591842","2026-11-20 03:00:00","Round 8","Vegas Golden Knights","","Dallas Stars","","","https://r2.thesportsdb.com/images/media/event/thumb/56qrnd1760900746.jpg"
"2591843","2026-11-21 18:00:00","Round 8","Carolina Hurricanes","","Edmonton Oilers","","","https://r2.thesportsdb.com/images/media/event/thumb/whi1uz1760899739.jpg"
"2591844","2026-11-21 20:30:00","Round 8","Calgary Flames","","Chicago Blackhawks","","","https://r2.thesportsdb.com/images/media/event/thumb/qmxbby1760899664.jpg"
"2591845","2026-11-21 23:00:00","Round 8","Florida Panthers","","Buffalo Sabres","","","https://r2.thesportsdb.com/images/media/event/thumb/3jn7sf1760900913.jpg"
"2591846","2026-11-21 23:00:00","Round 8","Nashville Predators","","Pittsburgh Penguins","","","https://r2.thesportsdb.com/images/media/event/thumb/vuf1171760899731.jpg"
"2591847","2026-11-22 00:00:00","Round 8","St. Louis Blues","","New Jersey Devils","","","https://r2.thesportsdb.com/images/media/event/thumb/jhjccz1760900929.jpg"
"2591848","2026-11-22 00:00:00","Round 8","Winnipeg Jets","","Vegas Golden Knights","","","https://r2.thesportsdb.com/images/media/event/thumb/ejzh711760901353.jpg"
"2591849","2026-11-22 00:00:00","Round 8","Toronto Maple Leafs","","Columbus Blue Jackets","","","https://r2.thesportsdb.com/images/media/event/thumb/qyvvha1760899790.jpg"
"2591850","2026-11-22 00:00:00","Round 8","Montreal Canadiens","","Philadelphia Flyers","","","https://r2.thesportsdb.com/images/media/event/thumb/te3tei1760900100.jpg"
"2591851","2026-11-22 00:00:00","Round 8","Ottawa Senators","","Los Angeles Kings","","","https://r2.thesportsdb.com/images/media/event/thumb/cmy2la1760899746.jpg"
"2591852","2026-11-22 00:00:00","Round 8","Detroit Red Wings","","New York Islanders","","","https://r2.thesportsdb.com/images/media/event/thumb/242ff61760900098.jpg"
"2591853","2026-11-22 00:00:00","Round 8","Boston Bruins","","Washington Capitals","","","https://r2.thesportsdb.com/images/media/event/thumb/og3vb51760901045.jpg"
"2591854","2026-11-22 02:00:00","Round 8","Utah Mammoth","","Anaheim Ducks","","","https://r2.thesportsdb.com/images/media/event/thumb/fgbdd81760901289.jpg"
"2591855","2026-11-22 03:00:00","Round 8","San Jose Sharks","","Seattle Kraken","","","https://r2.thesportsdb.com/images/media/event/thumb/nt5end1760900170.jpg"
"2591856","2026-11-22 03:00:00","Round 8","Vancouver Canucks","","Minnesota Wild","","","https://r2.thesportsdb.com/images/media/event/thumb/2z2uoe1760899986.jpg"
"2591857","2026-11-22 17:30:00","Round 8","New York Rangers","","Carolina Hurricanes","","","https://r2.thesportsdb.com/images/media/event/thumb/kzdjpb1760900852.jpg"
"2591858","2026-11-22 22:00:00","Round 8","Tampa Bay Lightning","","Buffalo Sabres","","","https://r2.thesportsdb.com/images/media/event/thumb/l6019v1760900939.jpg"
"2591859","2026-11-23 00:00:00","Round 9","Dallas Stars","","Pittsburgh Penguins","","","https://r2.thesportsdb.com/images/media/event/thumb/gpkh3z1760899992.jpg"
"2591860","2026-11-23 00:00:00","Round 9","St. Louis Blues","","Edmonton Oilers","","","https://r2.thesportsdb.com/images/media/event/thumb/yb7xl91760901170.jpg"
"2591861","2026-11-23 01:00:00","Round 9","Vancouver Canucks","","Chicago Blackhawks","","","https://r2.thesportsdb.com/images/media/event/thumb/mhxrli1760899648.jpg"
"2591862","2026-11-24 00:00:00","Round 9","New Jersey Devils","","Columbus Blue Jackets","","","https://r2.thesportsdb.com/images/media/event/thumb/25hziq1760900816.jpg"
"2591863","2026-11-24 00:30:00","Round 9","Montreal Canadiens","","Los Angeles Kings","","","https://r2.thesportsdb.com/images/media/event/thumb/yt3b3h1760899703.jpg"
"2591864","2026-11-24 00:30:00","Round 9","New York Islanders","","Toronto Maple Leafs","","","https://r2.thesportsdb.com/images/media/event/thumb/2gjisv1760901641.jpg"
"2591865","2026-11-24 00:30:00","Round 9","Ottawa Senators","","Calgary Flames","","","https://r2.thesportsdb.com/images/media/event/thumb/c3igtx1760899585.jpg"
"2591866","2026-11-24 00:30:00","Round 9","Winnipeg Jets","","Utah Mammoth","","","https://r2.thesportsdb.com/images/media/event/thumb/lon6r31760899552.jpg"
"2591867","2026-11-24 02:40:00","Round 9","Seattle Kraken","","Anaheim Ducks","","","https://r2.thesportsdb.com/images/media/event/thumb/kosy0w1760900646.jpg"
"2591868","2026-11-24 03:00:00","Round 9","San Jose Sharks","","Minnesota Wild","","","https://r2.thesportsdb.com/images/media/event/thumb/wm7v8l1760900286.jpg"
"2591869","2026-11-25 01:00:00","Round 9","Edmonton Oilers","","Vegas Golden Knights","","","https://r2.thesportsdb.com/images/media/event/thumb/hacvoq1760901562.jpg"
"2591870","2026-11-26 00:00:00","Round 9","Pittsburgh Penguins","","Calgary Flames","","","https://r2.thesportsdb.com/images/media/event/thumb/k8e8kr1760900428.jpg"
"2591871","2026-11-26 00:00:00","Round 9","Washington Capitals","","Philadelphia Flyers","","","https://r2.thesportsdb.com/images/media/event/thumb/ftmz7t1760901465.jpg"
"2591872","2026-11-26 00:00:00","Round 9","Tampa Bay Lightning","","Carolina Hurricanes","","","https://r2.thesportsdb.com/images/media/event/thumb/ugh1i11760901189.jpg"
"2591873","2026-11-26 00:00:00","Round 9","Boston Bruins","","Winnipeg Jets","","","https://r2.thesportsdb.com/images/media/event/thumb/j6u2wv1760901263.jpg"
"2591874","2026-11-26 00:00:00","Round 9","New York Islanders","","St. Louis Blues","","","https://r2.thesportsdb.com/images/media/event/thumb/p918wd1760899809.jpg"
"2591875","2026-11-26 00:00:00","Round 9","Florida Panthers","","Ottawa Senators","","","https://r2.thesportsdb.com/images/media/event/thumb/idoxy61760901471.jpg"
"2591876","2026-11-26 00:00:00","Round 9","Columbus Blue Jackets","","New Jersey Devils","","","https://r2.thesportsdb.com/images/media/event/thumb/boegh01760900293.jpg"
"2591877","2026-11-26 00:00:00","Round 9","Buffalo Sabres","","New York Rangers","","","https://r2.thesportsdb.com/images/media/event/thumb/stlff81760899385.jpg"
"2591878","2026-11-26 00:30:00","Round 9","Detroit Red Wings","","Vancouver Canucks","","","https://r2.thesportsdb.com/images/media/event/thumb/lptlj71760900404.jpg"
"2591879","2026-11-26 01:00:00","Round 9","Dallas Stars","","Nashville Predators","","","https://r2.thesportsdb.com/images/media/event/thumb/9cyuu21760900949.jpg"
"2591880","2026-11-26 01:00:00","Round 9","Minnesota Wild","","Utah Mammoth","","","https://r2.thesportsdb.com/images/media/event/thumb/qf4sgc1760901121.jpg"
"2591882","2026-11-26 02:30:00","Round 9","Colorado Avalanche","","Montreal Canadiens","","","https://r2.thesportsdb.com/images/media/event/thumb/qs92ec1760899895.jpg"
"2591883","2026-11-26 02:40:00","Round 9","Seattle Kraken","","Chicago Blackhawks","","","https://r2.thesportsdb.com/images/media/event/thumb/9hi3cr1760901567.jpg"
"2591881","2026-11-26 03:00:00","Round 9","Anaheim Ducks","","San Jose Sharks","","","https://r2.thesportsdb.com/images/media/event/thumb/dee7ur1760901660.jpg"
"2591884","2026-11-27 18:00:00","Round 9","Boston Bruins","","Toronto Maple Leafs","","","https://r2.thesportsdb.com/images/media/event/thumb/5ivprg1760901336.jpg"
"2591885","2026-11-27 18:00:00","Round 9","Nashville Predators","","Utah Mammoth","","","https://r2.thesportsdb.com/images/media/event/thumb/2l9egc1760900652.jpg"
"2591886","2026-11-27 18:00:00","Round 9","New Jersey Devils","","Calgary Flames","","","https://r2.thesportsdb.com/images/media/event/thumb/mru66x1760901136.jpg"
"2591887","2026-11-27 19:00:00","Round 9","St. Louis Blues","","Dallas Stars","","","https://r2.thesportsdb.com/images/media/event/thumb/s5tw981760900704.jpg"
"2591888","2026-11-27 20:00:00","Round 9","Columbus Blue Jackets","","Detroit Red Wings","","","https://r2.thesportsdb.com/images/media/event/thumb/dc8nxx1760899948.jpg"
"2591889","2026-11-27 20:00:00","Round 9","Philadelphia Flyers","","Vancouver Canucks","","","https://r2.thesportsdb.com/images/media/event/thumb/i0f50e1760900189.jpg"
"2591890","2026-11-27 20:00:00","Round 9","Tampa Bay Lightning","","Ottawa Senators","","","https://r2.thesportsdb.com/images/media/event/thumb/bykjng1760901407.jpg"
"2591891","2026-11-27 20:00:00","Round 9","Washington Capitals","","Florida Panthers","","","https://r2.thesportsdb.com/images/media/event/thumb/bfnuz11760900540.jpg"
"2591892","2026-11-27 21:00:00","Round 9","San Jose Sharks","","Vegas Golden Knights","","","https://r2.thesportsdb.com/images/media/event/thumb/0ikwh71760900458.jpg"
"2591893","2026-11-27 21:00:00","Round 9","Anaheim Ducks","","Los Angeles Kings","","","https://r2.thesportsdb.com/images/media/event/thumb/vk5b6u1760900550.jpg"
"2591894","2026-11-27 21:00:00","Round 9","Minnesota Wild","","Colorado Avalanche","","","https://r2.thesportsdb.com/images/media/event/thumb/ch24yo1760900173.jpg"
"2591895","2026-11-27 22:30:00","Round 9","Chicago Blackhawks","","New York Rangers","","","https://r2.thesportsdb.com/images/media/event/thumb/9qrbey1760900023.jpg"
"2591896","2026-11-28 00:30:00","Round 9","New York Islanders","","Winnipeg Jets","","","https://r2.thesportsdb.com/images/media/event/thumb/m4v9et1760899422.jpg"
"2591897","2026-11-28 01:00:00","Round 9","Buffalo Sabres","","Pittsburgh Penguins","","","https://r2.thesportsdb.com/images/media/event/thumb/p51oif1760900847.jpg"
"2591898","2026-11-28 01:00:00","Round 9","Edmonton Oilers","","Seattle Kraken","","","https://r2.thesportsdb.com/images/media/event/thumb/a44hwg1760901483.jpg"
"2591899","2026-11-28 21:00:00","Round 9","Vegas Golden Knights","","Montreal Canadiens","","","https://r2.thesportsdb.com/images/media/event/thumb/e1q40s1760899875.jpg"
"2591900","2026-11-28 23:00:00","Round 9","Florida Panthers","","Tampa Bay Lightning","","","https://r2.thesportsdb.com/images/media/event/thumb/vq85c51760900229.jpg"
"2591901","2026-11-29 00:00:00","Round 9","St. Louis Blues","","Washington Capitals","","","https://r2.thesportsdb.com/images/media/event/thumb/uzdow41760901357.jpg"
"2591902","2026-11-29 00:00:00","Round 9","Pittsburgh Penguins","","Toronto Maple Leafs","","","https://r2.thesportsdb.com/images/media/event/thumb/1uxc5h1760899903.jpg"
"2591903","2026-11-29 00:00:00","Round 9","New Jersey Devils","","Winnipeg Jets","","","https://r2.thesportsdb.com/images/media/event/thumb/9fwco11760900699.jpg"
"2591904","2026-11-29 00:00:00","Round 9","New York Rangers","","Calgary Flames","","","https://r2.thesportsdb.com/images/media/event/thumb/2zvtxt1760901102.jpg"
"2591905","2026-11-29 00:00:00","Round 9","Detroit Red Wings","","Nashville Predators","","","https://r2.thesportsdb.com/images/media/event/thumb/t76it31760899857.jpg"
"2591906","2026-11-29 00:00:00","Round 9","Carolina Hurricanes","","Ottawa Senators","","","https://r2.thesportsdb.com/images/media/event/thumb/osit5l1760900814.jpg"
"2591907","2026-11-29 00:30:00","Round 9","Philadelphia Flyers","","New York Islanders","","","https://r2.thesportsdb.com/images/media/event/thumb/aw7nua1760900680.jpg"
"2591908","2026-11-29 01:00:00","Round 9","Dallas Stars","","Utah Mammoth","","","https://r2.thesportsdb.com/images/media/event/thumb/9mhg9m1760901220.jpg"
"2591909","2026-11-29 02:00:00","Round 9","Colorado Avalanche","","San Jose Sharks","","","https://r2.thesportsdb.com/images/media/event/thumb/hpx7yv1760900835.jpg"
"2591910","2026-11-29 02:00:00","Round 9","Los Angeles Kings","","Anaheim Ducks","","","https://r2.thesportsdb.com/images/media/event/thumb/4tcfoq1760900526.jpg"
"2591911","2026-11-29 03:00:00","Round 9","Seattle Kraken","","Edmonton Oilers","","","https://r2.thesportsdb.com/images/media/event/thumb/609blf1760899897.jpg"
"2591912","2026-11-29 19:00:00","Round 9","Chicago Blackhawks","","Minnesota Wild","","","https://r2.thesportsdb.com/images/media/event/thumb/sfmthl1760901231.jpg"
"2591913","2026-11-29 22:00:00","Round 9","Boston Bruins","","Vancouver Canucks","","","https://r2.thesportsdb.com/images/media/event/thumb/f506ns1760900163.jpg"
"2591914","2026-11-30 18:00:00","Round 10","Nashville Predators","","Ottawa Senators","","","https://r2.thesportsdb.com/images/media/event/thumb/1gpz761760900618.jpg"
"2591915","2026-12-01 00:00:00","Round 10","New York Rangers","","Carolina Hurricanes","","","https://r2.thesportsdb.com/images/media/event/thumb/kzdjpb1760900852.jpg"
"2591916","2026-12-01 00:00:00","Round 10","Pittsburgh Penguins","","Columbus Blue Jackets","","","https://r2.thesportsdb.com/images/media/event/thumb/z1y5in1760900538.jpg"
"2591917","2026-12-01 00:30:00","Round 10","Toronto Maple Leafs","","Philadelphia Flyers","","","https://r2.thesportsdb.com/images/media/event/thumb/aqezcy1760900971.jpg"
"2591918","2026-12-01 00:30:00","Round 10","Winnipeg Jets","","Chicago Blackhawks","","","https://r2.thesportsdb.com/images/media/event/thumb/83awp91760900992.jpg"
"2591919","2026-12-01 02:30:00","Round 10","Utah Mammoth","","Montreal Canadiens","","","https://r2.thesportsdb.com/images/media/event/thumb/2tzihq1760899863.jpg"
"2591920","2026-12-02 00:00:00","Round 10","Detroit Red Wings","","Calgary Flames","","","https://r2.thesportsdb.com/images/media/event/thumb/ag7n541760901216.jpg"
"2591922","2026-12-02 00:00:00","Round 10","New York Islanders","","Florida Panthers","","","https://r2.thesportsdb.com/images/media/event/thumb/aq4z4d1760901405.jpg"
"2591923","2026-12-02 00:00:00","Round 10","Washington Capitals","","Vancouver Canucks","","","https://r2.thesportsdb.com/images/media/event/thumb/gfzmew1760899482.jpg"
"2591921","2026-12-02 00:30:00","Round 10","New Jersey Devils","","San Jose Sharks","","","https://r2.thesportsdb.com/images/media/event/thumb/j3eeah1760899527.jpg"
"2591924","2026-12-02 01:00:00","Round 10","Boston Bruins","","Colorado Avalanche","","","https://r2.thesportsdb.com/images/media/event/thumb/gz79nw1760899532.jpg"
"2591925","2026-12-02 01:00:00","Round 10","Edmonton Oilers","","Buffalo Sabres","","","https://r2.thesportsdb.com/images/media/event/thumb/ncvlws1760900020.jpg"
"2591926","2026-12-02 02:40:00","Round 10","Seattle Kraken","","Dallas Stars","","","https://r2.thesportsdb.com/images/media/event/thumb/m246ec1760899867.jpg"
"2591927","2026-12-02 03:00:00","Round 10","Los Angeles Kings","","Vegas Golden Knights","","","https://r2.thesportsdb.com/images/media/event/thumb/rdn5l81760900877.jpg"
"2591928","2026-12-02 03:00:00","Round 10","Anaheim Ducks","","Minnesota Wild","","","https://r2.thesportsdb.com/images/media/event/thumb/j2g0271760900325.jpg"
"2591929","2026-12-03 00:30:00","Round 10","Montreal Canadiens","","Tampa Bay Lightning","","","https://r2.thesportsdb.com/images/media/event/thumb/9l5k9t1760901636.jpg"
"2591930","2026-12-03 01:00:00","Round 10","St. Louis Blues","","Pittsburgh Penguins","","","https://r2.thesportsdb.com/images/media/event/thumb/47blx81760901755.jpg"
"2591931","2026-12-03 02:30:00","Round 10","Utah Mammoth","","Winnipeg Jets","","","https://r2.thesportsdb.com/images/media/event/thumb/ejuumg1760901752.jpg"
"2591932","2026-12-04 00:00:00","Round 10","Ottawa Senators","","New Jersey Devils","","","https://r2.thesportsdb.com/images/media/event/thumb/od4auz1760900780.jpg"
"2591933","2026-12-04 00:00:00","Round 10","Toronto Maple Leafs","","Florida Panthers","","","https://r2.thesportsdb.com/images/media/event/thumb/l539i11760901690.jpg"
"2591935","2026-12-04 00:00:00","Round 10","New York Rangers","","San Jose Sharks","","","https://r2.thesportsdb.com/images/media/event/thumb/aqmg9j1760899515.jpg"
"2591936","2026-12-04 00:00:00","Round 10","Detroit Red Wings","","Colorado Avalanche","","","https://r2.thesportsdb.com/images/media/event/thumb/qfiz9o1760900757.jpg"
"2591937","2026-12-04 00:00:00","Round 10","Carolina Hurricanes","","Columbus Blue Jackets","","","https://r2.thesportsdb.com/images/media/event/thumb/3r9itt1760901503.jpg"
"2591934","2026-12-04 00:30:00","Round 10","Philadelphia Flyers","","New York Islanders","","","https://r2.thesportsdb.com/images/media/event/thumb/aw7nua1760900680.jpg"
"2591938","2026-12-04 01:00:00","Round 10","Calgary Flames","","Buffalo Sabres","","","https://r2.thesportsdb.com/images/media/event/thumb/uxj2g81760900001.jpg"
"2591939","2026-12-04 01:00:00","Round 10","Edmonton Oilers","","Washington Capitals","","","https://r2.thesportsdb.com/images/media/event/thumb/7aji3h1760900665.jpg"
"2591940","2026-12-04 01:00:00","Round 10","Nashville Predators","","Chicago Blackhawks","","","https://r2.thesportsdb.com/images/media/event/thumb/ahc9jx1760900898.jpg"
"2591941","2026-12-04 03:00:00","Round 10","Seattle Kraken","","Dallas Stars","","","https://r2.thesportsdb.com/images/media/event/thumb/m246ec1760899867.jpg"
"2591942","2026-12-04 03:00:00","Round 10","Los Angeles Kings","","Minnesota Wild","","","https://r2.thesportsdb.com/images/media/event/thumb/npk0mw1760900371.jpg"
"2591943","2026-12-04 03:00:00","Round 10","Vegas Golden Knights","","Utah Mammoth","","","https://r2.thesportsdb.com/images/media/event/thumb/8xfsd11760901275.jpg"
"2591944","2026-12-05 00:00:00","Round 10","New York Islanders","","San Jose Sharks","","","https://r2.thesportsdb.com/images/media/event/thumb/vyild01760899493.jpg"
"2591945","2026-12-05 01:00:00","Round 10","St. Louis Blues","","Chicago Blackhawks","","","https://r2.thesportsdb.com/images/media/event/thumb/yci5e31760900049.jpg"
"2591946","2026-12-05 02:00:00","Round 10","Vancouver Canucks","","Buffalo Sabres","","","https://r2.thesportsdb.com/images/media/event/thumb/3mwihm1760900048.jpg"
"2591947","2026-12-05 03:00:00","Round 10","Anaheim Ducks","","Seattle Kraken","","","https://r2.thesportsdb.com/images/media/event/thumb/m7gwwf1760900825.jpg"
"2591948","2026-12-05 18:00:00","Round 10","Boston Bruins","","Detroit Red Wings","","","https://r2.thesportsdb.com/images/media/event/thumb/tpc51l1760900483.jpg"
"2591949","2026-12-05 18:00:00","Round 10","Montreal Canadiens","","Florida Panthers","","","https://r2.thesportsdb.com/images/media/event/thumb/9r84w31760901601.jpg"
"2591950","2026-12-05 19:00:00","Round 10","Nashville Predators","","Columbus Blue Jackets","","","https://r2.thesportsdb.com/images/media/event/thumb/bjko2d1760899394.jpg"
"2591951","2026-12-05 20:00:00","Round 10","Pittsburgh Penguins","","New Jersey Devils","","","https://r2.thesportsdb.com/images/media/event/thumb/feszuq1760900884.jpg"
"2591952","2026-12-05 20:30:00","Round 10","Calgary Flames","","Washington Capitals","","","https://r2.thesportsdb.com/images/media/event/thumb/hhyrit1760900640.jpg"
"2591953","2026-12-06 00:00:00","Round 10","Carolina Hurricanes","","Toronto Maple Leafs","","","https://r2.thesportsdb.com/images/media/event/thumb/cmk2jl1760899956.jpg"
"2591954","2026-12-06 00:00:00","Round 10","New York Rangers","","Colorado Avalanche","","","https://r2.thesportsdb.com/images/media/event/thumb/jzk4901760899969.jpg"
"2591955","2026-12-06 00:00:00","Round 10","Ottawa Senators","","Tampa Bay Lightning","","","https://r2.thesportsdb.com/images/media/event/thumb/11oyks1760901599.jpg"
"2591956","2026-12-06 00:00:00","Round 10","Vegas Golden Knights","","Winnipeg Jets","","https://r2.thesportsdb.com/images/media/event/poster/i4mn8y1681781241.jpg","https://r2.thesportsdb.com/images/media/event/thumb/zsrmqh1760901736.jpg"
"2591957","2026-12-06 01:00:00","Round 10","Minnesota Wild","","Philadelphia Flyers","","","https://r2.thesportsdb.com/images/media/event/thumb/vkfuis1760901155.jpg"
"2591958","2026-12-06 03:00:00","Round 10","Los Angeles Kings","","Utah Mammoth","","","https://r2.thesportsdb.com/images/media/event/thumb/bldta21760901431.jpg"
"2591959","2026-12-06 03:00:00","Round 10","Vancouver Canucks","","Dallas Stars","","","https://r2.thesportsdb.com/images/media/event/thumb/9s1vva1760900978.jpg"
"2591960","2026-12-06 20:00:00","Round 10","Pittsburgh Penguins","","San Jose Sharks","","","https://r2.thesportsdb.com/images/media/event/thumb/f1hb0p1760900056.jpg"
"2591961","2026-12-06 22:00:00","Round 10","St. Louis Blues","","Nashville Predators","","","https://r2.thesportsdb.com/images/media/event/thumb/cc8mk41760900235.jpg"
"2591962","2026-12-07 00:00:00","Round 11","Montreal Canadiens","","Ottawa Senators","","","https://r2.thesportsdb.com/images/media/event/thumb/sq56bv1760899927.jpg"
"2591963","2026-12-07 00:00:00","Round 11","Chicago Blackhawks","","Edmonton Oilers","","","https://r2.thesportsdb.com/images/media/event/thumb/1tpawh1760900471.jpg"
"2591964","2026-12-07 01:00:00","Round 11","Anaheim Ducks","","Winnipeg Jets","","","https://r2.thesportsdb.com/images/media/event/thumb/sov95b1760900920.jpg"
"2591965","2026-12-07 01:00:00","Round 11","Seattle Kraken","","Buffalo Sabres","","","https://r2.thesportsdb.com/images/media/event/thumb/57jjsm1760900083.jpg"
"2591966","2026-12-07 18:00:00","Round 11","New York Islanders","","Colorado Avalanche","","","https://r2.thesportsdb.com/images/media/event/thumb/pb3f0m1760899951.jpg"
"2591967","2026-12-08 00:00:00","Round 11","New York Rangers","","New Jersey Devils","","","https://r2.thesportsdb.com/images/media/event/thumb/1qylog1760901469.jpg"
"2591968","2026-12-08 00:00:00","Round 11","Tampa Bay Lightning","","Columbus Blue Jackets","","","https://r2.thesportsdb.com/images/media/event/thumb/4xw28y1760901104.jpg"
"2591969","2026-12-08 02:00:00","Round 11","Vancouver Canucks","","Washington Capitals","","","https://r2.thesportsdb.com/images/media/event/thumb/k4l4xj1760900607.jpg"
"2591970","2026-12-09 00:00:00","Round 11","Ottawa Senators","","Anaheim Ducks","","","https://r2.thesportsdb.com/images/media/event/thumb/im59bf1760901172.jpg"
"2591972","2026-12-09 00:00:00","Round 11","Florida Panthers","","Boston Bruins","","","https://r2.thesportsdb.com/images/media/event/thumb/8ib1521760901499.jpg"
"2591973","2026-12-09 00:00:00","Round 11","Montreal Canadiens","","Vegas Golden Knights","","","https://r2.thesportsdb.com/images/media/event/thumb/dah2bj1760900688.jpg"
"2591974","2026-12-09 00:00:00","Round 11","Carolina Hurricanes","","New York Rangers","","","https://r2.thesportsdb.com/images/media/event/thumb/ntrsr91760900255.jpg"
"2591971","2026-12-09 00:30:00","Round 11","Pittsburgh Penguins","","Chicago Blackhawks","","","https://r2.thesportsdb.com/images/media/event/thumb/u3rk5u1760900724.jpg"
"2591975","2026-12-09 01:00:00","Round 11","Calgary Flames","","Nashville Predators","","","https://r2.thesportsdb.com/images/media/event/thumb/v44ogh1760900340.jpg"
"2591976","2026-12-09 01:00:00","Round 11","St. Louis Blues","","Colorado Avalanche","","","https://r2.thesportsdb.com/images/media/event/thumb/ucdmde1760901613.jpg"
"2591977","2026-12-09 01:00:00","Round 11","Winnipeg Jets","","Philadelphia Flyers","","","https://r2.thesportsdb.com/images/media/event/thumb/cudu6g1760901687.jpg"
"2591978","2026-12-09 01:00:00","Round 11","Minnesota Wild","","Edmonton Oilers","","","https://r2.thesportsdb.com/images/media/event/thumb/j1ucae1760900152.jpg"
"2591979","2026-12-09 03:00:00","Round 11","San Jose Sharks","","Seattle Kraken","","","https://r2.thesportsdb.com/images/media/event/thumb/nt5end1760900170.jpg"
"2591981","2026-12-10 00:00:00","Round 11","New Jersey Devils","","Detroit Red Wings","","","https://r2.thesportsdb.com/images/media/event/thumb/ik3j141760901082.jpg"
"2591980","2026-12-10 00:30:00","Round 11","Dallas Stars","","Toronto Maple Leafs","","","https://r2.thesportsdb.com/images/media/event/thumb/f95d691760900181.jpg"
"2591982","2026-12-10 02:30:00","Round 11","Los Angeles Kings","","San Jose Sharks","","","https://r2.thesportsdb.com/images/media/event/thumb/scg3ia1760900398.jpg"
"2591983","2026-12-11 00:00:00","Round 11","Columbus Blue Jackets","","Minnesota Wild","","","https://r2.thesportsdb.com/images/media/event/thumb/426u5j1760900124.jpg"
"2591984","2026-12-11 00:00:00","Round 11","Florida Panthers","","Pittsburgh Penguins","","","https://r2.thesportsdb.com/images/media/event/thumb/5bik4x1760899512.jpg"
"2591985","2026-12-11 00:00:00","Round 11","Montreal Canadiens","","Anaheim Ducks","","","https://r2.thesportsdb.com/images/media/event/thumb/9t5k7q1760901206.jpg"
"2591986","2026-12-11 00:00:00","Round 11","New York Islanders","","Calgary Flames","","","https://r2.thesportsdb.com/images/media/event/thumb/77za4e1760901187.jpg"
"2591987","2026-12-11 00:00:00","Round 11","Ottawa Senators","","Vegas Golden Knights","","","https://r2.thesportsdb.com/images/media/event/thumb/0tm5xf1760900671.jpg"
"2591988","2026-12-11 00:00:00","Round 11","Tampa Bay Lightning","","Boston Bruins","","","https://r2.thesportsdb.com/images/media/event/thumb/y7euu81760901540.jpg"
"2591989","2026-12-11 00:00:00","Round 11","Buffalo Sabres","","Edmonton Oilers","","","https://r2.thesportsdb.com/images/media/event/thumb/wf5u8j1760899763.jpg"
"2591990","2026-12-11 01:00:00","Round 11","Winnipeg Jets","","Chicago Blackhawks","","","https://r2.thesportsdb.com/images/media/event/thumb/83awp91760900992.jpg"
"2591991","2026-12-11 02:00:00","Round 11","Vancouver Canucks","","Nashville Predators","","","https://r2.thesportsdb.com/images/media/event/thumb/9u61cz1760901163.jpg"
"2591992","2026-12-11 02:00:00","Round 11","Utah Mammoth","","St. Louis Blues","","","https://r2.thesportsdb.com/images/media/event/thumb/07mp2q1760901776.jpg"
"2591993","2026-12-11 02:30:00","Round 11","Seattle Kraken","","Washington Capitals","","","https://r2.thesportsdb.com/images/media/event/thumb/w4ull11760900708.jpg"
"2591994","2026-12-12 00:00:00","Round 11","Carolina Hurricanes","","New York Islanders","","https://r2.thesportsdb.com/images/media/event/poster/au5rzo1681781272.jpg","https://r2.thesportsdb.com/images/media/event/thumb/bumhb11760901557.jpg"
"2591995","2026-12-12 00:00:00","Round 11","Detroit Red Wings","","New York Rangers","","","https://r2.thesportsdb.com/images/media/event/thumb/y24gg81760899662.jpg"
"2591996","2026-12-12 00:00:00","Round 11","Philadelphia Flyers","","Calgary Flames","","","https://r2.thesportsdb.com/images/media/event/thumb/0x0swn1760899621.jpg"
"2591997","2026-12-12 03:00:00","Round 11","San Jose Sharks","","Los Angeles Kings","","","https://r2.thesportsdb.com/images/media/event/thumb/luubou1760899801.jpg"
"2591998","2026-12-12 18:00:00","Round 11","Boston Bruins","","New Jersey Devils","","","https://r2.thesportsdb.com/images/media/event/thumb/disaa31760901745.jpg"
"2591999","2026-12-12 18:00:00","Round 11","Columbus Blue Jackets","","Montreal Canadiens","","","https://r2.thesportsdb.com/images/media/event/thumb/ldr0os1760899767.jpg"
"2592000","2026-12-12 20:30:00","Round 11","Minnesota Wild","","Winnipeg Jets","","","https://r2.thesportsdb.com/images/media/event/thumb/0lj3kv1760900510.jpg"
"2592001","2026-12-12 20:30:00","Round 11","Tampa Bay Lightning","","Pittsburgh Penguins","","","https://r2.thesportsdb.com/images/media/event/thumb/uqfmka1760901494.jpg"
"2592002","2026-12-13 00:00:00","Round 11","Toronto Maple Leafs","","Vegas Golden Knights","","","https://r2.thesportsdb.com/images/media/event/thumb/9f0siz1760900636.jpg"
"2592003","2026-12-13 00:00:00","Round 11","Ottawa Senators","","Edmonton Oilers","","","https://r2.thesportsdb.com/images/media/event/thumb/sacsw01760899495.jpg"
"2592004","2026-12-13 00:00:00","Round 11","Detroit Red Wings","","Florida Panthers","","","https://r2.thesportsdb.com/images/media/event/thumb/jqwrlh1760901031.jpg"
"2592005","2026-12-13 00:00:00","Round 11","Chicago Blackhawks","","Utah Mammoth","","","https://r2.thesportsdb.com/images/media/event/thumb/1gy8nw1760901094.jpg"
"2592006","2026-12-13 00:00:00","Round 11","Buffalo Sabres","","Anaheim Ducks","","","https://r2.thesportsdb.com/images/media/event/thumb/s0p7xf1760900433.jpg"
"2592007","2026-12-13 01:00:00","Round 11","Dallas Stars","","St. Louis Blues","","","https://r2.thesportsdb.com/images/media/event/thumb/1etxtk1760900839.jpg"
"2592008","2026-12-13 02:00:00","Round 11","Colorado Avalanche","","Washington Capitals","","","https://r2.thesportsdb.com/images/media/event/thumb/uuvf7w1760900560.jpg"
"2592009","2026-12-13 03:00:00","Round 11","Los Angeles Kings","","Vancouver Canucks","","","https://r2.thesportsdb.com/images/media/event/thumb/hbhrug1760901664.jpg"
"2592010","2026-12-13 03:00:00","Round 11","Seattle Kraken","","Nashville Predators","","","https://r2.thesportsdb.com/images/media/event/thumb/4rjuj91760901128.jpg"
"2592011","2026-12-13 18:00:00","Round 11","Carolina Hurricanes","","Boston Bruins","","","https://r2.thesportsdb.com/images/media/event/thumb/wv01u21760901606.jpg"
"2592012","2026-12-13 23:00:00","Round 11","New York Rangers","","Columbus Blue Jackets","","","https://r2.thesportsdb.com/images/media/event/thumb/zhaf5a1760900969.jpg"
"2592013","2026-12-14 00:00:00","Round 12","Toronto Maple Leafs","","Anaheim Ducks","","","https://r2.thesportsdb.com/images/media/event/thumb/8bxxyc1760901138.jpg"
"2592014","2026-12-14 01:00:00","Round 12","St. Louis Blues","","Tampa Bay Lightning","","","https://r2.thesportsdb.com/images/media/event/thumb/butdtj1760900522.jpg"
"2592015","2026-12-14 19:00:00","Round 12","Ottawa Senators","","Buffalo Sabres","","","https://r2.thesportsdb.com/images/media/event/thumb/blc77v1760901501.jpg"
"2592016","2026-12-15 00:00:00","Round 12","Philadelphia Flyers","","Florida Panthers","","","https://r2.thesportsdb.com/images/media/event/thumb/p0ho241760899427.jpg"
"2592017","2026-12-15 00:30:00","Round 12","Montreal Canadiens","","Edmonton Oilers","","","https://r2.thesportsdb.com/images/media/event/thumb/9h0iue1760900081.jpg"
"2592018","2026-12-15 02:00:00","Round 12","Colorado Avalanche","","Utah Mammoth","","","https://r2.thesportsdb.com/images/media/event/thumb/f3cspo1760900211.jpg"
"2592019","2026-12-15 03:00:00","Round 12","San Jose Sharks","","Vancouver Canucks","","","https://r2.thesportsdb.com/images/media/event/thumb/q3um3a1760901699.jpg"
"2592021","2026-12-16 00:00:00","Round 12","New Jersey Devils","","New York Rangers","","https://r2.thesportsdb.com/images/media/event/poster/7nqems1681781182.jpg","https://r2.thesportsdb.com/images/media/event/thumb/37jpa51760901047.jpg"
"2592022","2026-12-16 00:00:00","Round 12","Pittsburgh Penguins","","Tampa Bay Lightning","","","https://r2.thesportsdb.com/images/media/event/thumb/v8xbm21760900479.jpg"
"2592023","2026-12-16 00:00:00","Round 12","Columbus Blue Jackets","","Carolina Hurricanes","","","https://r2.thesportsdb.com/images/media/event/thumb/0n4k3w1760901478.jpg"
"2592024","2026-12-16 00:00:00","Round 12","Buffalo Sabres","","Calgary Flames","","","https://r2.thesportsdb.com/images/media/event/thumb/yze75j1760899782.jpg"
"2592025","2026-12-16 00:00:00","Round 12","Boston Bruins","","Florida Panthers","","https://r2.thesportsdb.com/images/media/event/poster/dshn041681781287.jpg","https://r2.thesportsdb.com/images/media/event/thumb/zj1xa91760899500.jpg"
"2592020","2026-12-16 00:30:00","Round 12","Detroit Red Wings","","Los Angeles Kings","","","https://r2.thesportsdb.com/images/media/event/thumb/4t3yf81760900695.jpg"
"2592026","2026-12-16 01:00:00","Round 12","Minnesota Wild","","Toronto Maple Leafs","","","https://r2.thesportsdb.com/images/media/event/thumb/betc4w1760901208.jpg"
"2592027","2026-12-16 01:00:00","Round 12","Nashville Predators","","Seattle Kraken","","","https://r2.thesportsdb.com/images/media/event/thumb/98zct21760901267.jpg"
"2592028","2026-12-16 01:00:00","Round 12","St. Louis Blues","","Winnipeg Jets","","","https://r2.thesportsdb.com/images/media/event/thumb/y52scv1760901647.jpg"
"2592029","2026-12-16 02:00:00","Round 12","Utah Mammoth","","New York Islanders","","","https://r2.thesportsdb.com/images/media/event/thumb/ww86fx1760899735.jpg"
"2592030","2026-12-16 02:30:00","Round 12","Dallas Stars","","Washington Capitals","","","https://r2.thesportsdb.com/images/media/event/thumb/451s971760899573.jpg"
"2592031","2026-12-17 00:30:00","Round 12","Philadelphia Flyers","","New York Rangers","","","https://r2.thesportsdb.com/images/media/event/thumb/cqq3eg1760901089.jpg"
"2592032","2026-12-17 02:00:00","Round 12","Anaheim Ducks","","Vancouver Canucks","","","https://r2.thesportsdb.com/images/media/event/thumb/ye1zlt1760901710.jpg"
"2592033","2026-12-17 02:00:00","Round 12","Colorado Avalanche","","New York Islanders","","","https://r2.thesportsdb.com/images/media/event/thumb/wxdm6f1760899760.jpg"
"2592034","2026-12-17 03:00:00","Round 12","Vegas Golden Knights","","San Jose Sharks","","","https://r2.thesportsdb.com/images/media/event/thumb/eehwaj1760900217.jpg"
"2592035","2026-12-18 00:00:00","Round 12","Tampa Bay Lightning","","Calgary Flames","","","https://r2.thesportsdb.com/images/media/event/thumb/9jstlt1760899850.jpg"
"2592036","2026-12-18 00:00:00","Round 12","Washington Capitals","","Detroit Red Wings","","","https://r2.thesportsdb.com/images/media/event/thumb/j3yeqy1760900150.jpg"
"2592037","2026-12-18 00:00:00","Round 12","Boston Bruins","","St. Louis Blues","","","https://r2.thesportsdb.com/images/media/event/thumb/gnk7cc1760899947.jpg"
"2592038","2026-12-18 00:00:00","Round 12","Pittsburgh Penguins","","Los Angeles Kings","","","https://r2.thesportsdb.com/images/media/event/thumb/5cf8a11760899685.jpg"
"2592040","2026-12-18 00:00:00","Round 12","Columbus Blue Jackets","","Seattle Kraken","","","https://r2.thesportsdb.com/images/media/event/thumb/69if8s1760901302.jpg"
"2592039","2026-12-18 00:30:00","Round 12","New Jersey Devils","","Toronto Maple Leafs","","","https://r2.thesportsdb.com/images/media/event/thumb/kbs3ih1760901006.jpg"
"2592041","2026-12-18 01:00:00","Round 12","Edmonton Oilers","","Dallas Stars","","","https://r2.thesportsdb.com/images/media/event/thumb/toysub1760899845.jpg"
"2592042","2026-12-18 02:00:00","Round 12","Utah Mammoth","","Carolina Hurricanes","","","https://r2.thesportsdb.com/images/media/event/thumb/6bnvmh1760901685.jpg"
"2592043","2026-12-18 18:00:00","Round 12","Ottawa Senators","","Chicago Blackhawks","","","https://r2.thesportsdb.com/images/media/event/thumb/dqykp91760900154.jpg"
"2592045","2026-12-19 00:00:00","Round 12","New York Rangers","","Nashville Predators","","","https://r2.thesportsdb.com/images/media/event/thumb/jr6zgl1760899696.jpg"
"2592046","2026-12-19 00:00:00","Round 12","Philadelphia Flyers","","Detroit Red Wings","","","https://r2.thesportsdb.com/images/media/event/thumb/j5obib1760901492.jpg"
"2592047","2026-12-19 00:00:00","Round 12","Pittsburgh Penguins","","Seattle Kraken","","","https://r2.thesportsdb.com/images/media/event/thumb/ju6h8i1760899815.jpg"
"2592044","2026-12-19 00:30:00","Round 12","Buffalo Sabres","","Montreal Canadiens","","","https://r2.thesportsdb.com/images/media/event/thumb/vfeoux1760900774.jpg"
"2592048","2026-12-19 01:00:00","Round 12","Minnesota Wild","","Anaheim Ducks","","","https://r2.thesportsdb.com/images/media/event/thumb/x4swoz1760901748.jpg"
"2592049","2026-12-19 02:00:00","Round 12","Colorado Avalanche","","Carolina Hurricanes","","","https://r2.thesportsdb.com/images/media/event/thumb/37em0z1760899521.jpg"
"2592050","2026-12-19 03:00:00","Round 12","Vegas Golden Knights","","New York Islanders","","","https://r2.thesportsdb.com/images/media/event/thumb/s2cemo1760899730.jpg"
"2592051","2026-12-19 17:00:00","Round 12","New Jersey Devils","","Boston Bruins","","","https://r2.thesportsdb.com/images/media/event/thumb/9aqsfp1760901218.jpg"
"2592052","2026-12-19 18:00:00","Round 12","Florida Panthers","","Calgary Flames","","","https://r2.thesportsdb.com/images/media/event/thumb/5ac8a01760899881.jpg"
"2592053","2026-12-19 20:30:00","Round 12","Edmonton Oilers","","Utah Mammoth","","","https://r2.thesportsdb.com/images/media/event/thumb/lrgpn01760899577.jpg"
"2592054","2026-12-20 00:00:00","Round 12","Columbus Blue Jackets","","Los Angeles Kings","","","https://r2.thesportsdb.com/images/media/event/thumb/692ih71760900678.jpg"
"2592055","2026-12-20 00:00:00","Round 12","Minnesota Wild","","Montreal Canadiens","","","https://r2.thesportsdb.com/images/media/event/thumb/f5orit1760900800.jpg"
"2592056","2026-12-20 00:00:00","Round 12","Toronto Maple Leafs","","Tampa Bay Lightning","","https://r2.thesportsdb.com/images/media/event/poster/612ieo1681781206.jpg","https://r2.thesportsdb.com/images/media/event/thumb/bj96f61760901053.jpg"
"2592057","2026-12-20 00:00:00","Round 12","Washington Capitals","","St. Louis Blues","","","https://r2.thesportsdb.com/images/media/event/thumb/1cs3hl1760899645.jpg"
"2598008","2026-12-20 00:00:00","Round 12","Winnipeg Jets","","Dallas Stars","","","https://r2.thesportsdb.com/images/media/event/thumb/ddwhbe1760900018.jpg"
"2592059","2026-12-20 03:00:00","Round 12","Vancouver Canucks","","San Jose Sharks","","","https://r2.thesportsdb.com/images/media/event/thumb/8ya83j1760900710.jpg"
"2592060","2026-12-20 13:00:00","Round 12","Chicago Blackhawks","","Ottawa Senators","","","https://r2.thesportsdb.com/images/media/event/thumb/6weq4c1760899574.jpg"
"2592061","2026-12-20 18:00:00","Round 12","Boston Bruins","","Philadelphia Flyers","","","https://r2.thesportsdb.com/images/media/event/thumb/450m2r1760900735.jpg"
"2592062","2026-12-20 22:00:00","Round 12","Detroit Red Wings","","Tampa Bay Lightning","","","https://r2.thesportsdb.com/images/media/event/thumb/82mtmr1760899870.jpg"
"2592058","2026-12-20 23:00:00","Round 12","Winnipeg Jets","","Dallas Stars","","","https://r2.thesportsdb.com/images/media/event/thumb/ddwhbe1760900018.jpg"
"2592063","2026-12-20 23:00:00","Round 12","Buffalo Sabres","","Los Angeles Kings","","","https://r2.thesportsdb.com/images/media/event/thumb/wuzhsl1760900733.jpg"
"2592064","2026-12-21 00:00:00","Round 13","Edmonton Oilers","","Anaheim Ducks","","","https://r2.thesportsdb.com/images/media/event/thumb/pzuqa81760901409.jpg"
"2592065","2026-12-21 00:00:00","Round 13","New Jersey Devils","","Nashville Predators","","","https://r2.thesportsdb.com/images/media/event/thumb/e67w401760900729.jpg"
"2592066","2026-12-21 00:00:00","Round 13","New York Islanders","","New York Rangers","","","https://r2.thesportsdb.com/images/media/event/thumb/delzg81760900715.jpg"
"2592067","2026-12-21 01:00:00","Round 13","Colorado Avalanche","","Seattle Kraken","","https://r2.thesportsdb.com/images/media/event/poster/um8ajd1681781257.jpg","https://r2.thesportsdb.com/images/media/event/thumb/esrq1w1760901785.jpg"
"2592068","2026-12-21 19:00:00","Round 13","Toronto Maple Leafs","","Washington Capitals","","","https://r2.thesportsdb.com/images/media/event/thumb/4r8d8z1760901625.jpg"
"2592069","2026-12-22 00:00:00","Round 13","Florida Panthers","","St. Louis Blues","","","https://r2.thesportsdb.com/images/media/event/thumb/zbh0v71760900158.jpg"
"2592070","2026-12-22 00:00:00","Round 13","Philadelphia Flyers","","Columbus Blue Jackets","","","https://r2.thesportsdb.com/images/media/event/thumb/rngz4c1760901346.jpg"
"2592071","2026-12-22 02:00:00","Round 13","Vancouver Canucks","","Utah Mammoth","","","https://r2.thesportsdb.com/images/media/event/thumb/e4e7651760901546.jpg"
"2592072","2026-12-22 03:00:00","Round 13","Vegas Golden Knights","","Carolina Hurricanes","","","https://r2.thesportsdb.com/images/media/event/thumb/dit87q1760899492.jpg"
"2592073","2026-12-23 00:00:00","Round 13","Columbus Blue Jackets","","Montreal Canadiens","","","https://r2.thesportsdb.com/images/media/event/thumb/ldr0os1760899767.jpg"
"2592074","2026-12-23 00:00:00","Round 13","New York Islanders","","Boston Bruins","","","https://r2.thesportsdb.com/images/media/event/thumb/hnz7e61760899847.jpg"
"2592075","2026-12-23 00:00:00","Round 13","New York Rangers","","New Jersey Devils","","","https://r2.thesportsdb.com/images/media/event/thumb/1qylog1760901469.jpg"
"2592076","2026-12-23 00:00:00","Round 13","Pittsburgh Penguins","","Buffalo Sabres","","","https://r2.thesportsdb.com/images/media/event/thumb/fxma571760901014.jpg"
"2592077","2026-12-23 00:00:00","Round 13","Tampa Bay Lightning","","St. Louis Blues","","","https://r2.thesportsdb.com/images/media/event/thumb/9zwc371760900188.jpg"
"2592078","2026-12-23 00:00:00","Round 13","Detroit Red Wings","","Toronto Maple Leafs","","","https://r2.thesportsdb.com/images/media/event/thumb/7bb4c81760900251.jpg"
"2592079","2026-12-23 01:00:00","Round 13","Nashville Predators","","Winnipeg Jets","","","https://r2.thesportsdb.com/images/media/event/thumb/pddovw1760899900.jpg"
"2592080","2026-12-23 01:00:00","Round 13","Dallas Stars","","Calgary Flames","","","https://r2.thesportsdb.com/images/media/event/thumb/calplm1760901608.jpg"
"2592081","2026-12-23 01:00:00","Round 13","Minnesota Wild","","Los Angeles Kings","","","https://r2.thesportsdb.com/images/media/event/thumb/srhpei1760899429.jpg"
"2592083","2026-12-23 02:30:00","Round 13","Anaheim Ducks","","Vegas Golden Knights","","","https://r2.thesportsdb.com/images/media/event/thumb/7hr69z1760900792.jpg"
"2592082","2026-12-23 02:40:00","Round 13","Seattle Kraken","","San Jose Sharks","","","https://r2.thesportsdb.com/images/media/event/thumb/t8trty1760899753.jpg"
"2592084","2026-12-26 23:00:00","Round 13","Florida Panthers","","Tampa Bay Lightning","","","https://r2.thesportsdb.com/images/media/event/thumb/vq85c51760900229.jpg"
"2592085","2026-12-27 00:00:00","Round 13","Montreal Canadiens","","Toronto Maple Leafs","","","https://r2.thesportsdb.com/images/media/event/thumb/u3a8uo1760901098.jpg"
"2592086","2026-12-27 00:00:00","Round 13","Nashville Predators","","Detroit Red Wings","","","https://r2.thesportsdb.com/images/media/event/thumb/q4e5jk1760900973.jpg"
"2592088","2026-12-27 00:00:00","Round 13","Minnesota Wild","","Winnipeg Jets","","","https://r2.thesportsdb.com/images/media/event/thumb/0lj3kv1760900510.jpg"
"2592089","2026-12-27 00:00:00","Round 13","Carolina Hurricanes","","Pittsburgh Penguins","","","https://r2.thesportsdb.com/images/media/event/thumb/9ftfrl1760901243.jpg"
"2592090","2026-12-27 00:00:00","Round 13","Buffalo Sabres","","New Jersey Devils","","","https://r2.thesportsdb.com/images/media/event/thumb/mbkypi1760899883.jpg"
"2592091","2026-12-27 00:00:00","Round 13","Boston Bruins","","New York Islanders","","","https://r2.thesportsdb.com/images/media/event/thumb/v3p1en1760899568.jpg"
"2592087","2026-12-27 01:00:00","Round 13","Washington Capitals","","Columbus Blue Jackets","","","https://r2.thesportsdb.com/images/media/event/thumb/3n6zpv1760899997.jpg"
"2592092","2026-12-27 03:00:00","Round 13","Calgary Flames","","Vancouver Canucks","","","https://r2.thesportsdb.com/images/media/event/thumb/a932k21760901433.jpg"
"2592093","2026-12-27 03:00:00","Round 13","Los Angeles Kings","","Utah Mammoth","","","https://r2.thesportsdb.com/images/media/event/thumb/bldta21760901431.jpg"
"2592094","2026-12-27 03:00:00","Round 13","San Jose Sharks","","Vegas Golden Knights","","","https://r2.thesportsdb.com/images/media/event/thumb/0ikwh71760900458.jpg"
"2592095","2026-12-27 20:00:00","Round 13","Chicago Blackhawks","","Philadelphia Flyers","","","https://r2.thesportsdb.com/images/media/event/thumb/ulwoys1760900209.jpg"
"2592097","2026-12-27 22:00:00","Round 13","St. Louis Blues","","New York Rangers","","","https://r2.thesportsdb.com/images/media/event/thumb/do6ub21760900134.jpg"
"2592096","2026-12-27 23:00:00","Round 13","Columbus Blue Jackets","","Edmonton Oilers","","","https://r2.thesportsdb.com/images/media/event/thumb/rh92pp1760899724.jpg"
"2592098","2026-12-28 00:00:00","Round 14","Montreal Canadiens","","Dallas Stars","","","https://r2.thesportsdb.com/images/media/event/thumb/33bf4c1760899720.jpg"
"2592099","2026-12-28 00:00:00","Round 14","New Jersey Devils","","Boston Bruins","","","https://r2.thesportsdb.com/images/media/event/thumb/9aqsfp1760901218.jpg"
"2592100","2026-12-28 00:00:00","Round 14","New York Islanders","","Ottawa Senators","","","https://r2.thesportsdb.com/images/media/event/thumb/ga39711760901669.jpg"
"2592101","2026-12-28 01:00:00","Round 14","Anaheim Ducks","","Colorado Avalanche","","","https://r2.thesportsdb.com/images/media/event/thumb/zmedhk1760901000.jpg"
"2592102","2026-12-28 19:00:00","Round 14","Minnesota Wild","","Vegas Golden Knights","","","https://r2.thesportsdb.com/images/media/event/thumb/c0tlb71760899757.jpg"
"2592103","2026-12-29 00:00:00","Round 14","Buffalo Sabres","","Detroit Red Wings","","","https://r2.thesportsdb.com/images/media/event/thumb/b06khc1760901400.jpg"
"2592104","2026-12-29 00:00:00","Round 14","Carolina Hurricanes","","Tampa Bay Lightning","","","https://r2.thesportsdb.com/images/media/event/thumb/9o6pug1760900893.jpg"
"2592105","2026-12-29 00:00:00","Round 14","Florida Panthers","","Nashville Predators","","","https://r2.thesportsdb.com/images/media/event/thumb/299hvl1760899950.jpg"
"2592106","2026-12-29 00:00:00","Round 14","Washington Capitals","","Edmonton Oilers","","","https://r2.thesportsdb.com/images/media/event/thumb/huy87c1760899780.jpg"
"2592107","2026-12-29 00:30:00","Round 14","Winnipeg Jets","","San Jose Sharks","","","https://r2.thesportsdb.com/images/media/event/thumb/cc8fvh1760901779.jpg"
"2592108","2026-12-29 02:30:00","Round 14","Vancouver Canucks","","Los Angeles Kings","","","https://r2.thesportsdb.com/images/media/event/thumb/8r2cud1760901757.jpg"
"2592109","2026-12-30 00:00:00","Round 14","Tampa Bay Lightning","","Nashville Predators","","","https://r2.thesportsdb.com/images/media/event/thumb/6axxd01760901445.jpg"
"2592110","2026-12-30 00:00:00","Round 14","Pittsburgh Penguins","","Carolina Hurricanes","","","https://r2.thesportsdb.com/images/media/event/thumb/ymykj51760901321.jpg"
"2592111","2026-12-30 00:00:00","Round 14","Ottawa Senators","","Dallas Stars","","","https://r2.thesportsdb.com/images/media/event/thumb/u3t6yl1760899704.jpg"
"2592112","2026-12-30 00:00:00","Round 14","New York Rangers","","Detroit Red Wings","","","https://r2.thesportsdb.com/images/media/event/thumb/wpehx41760901529.jpg"
"2592113","2026-12-30 00:00:00","Round 14","Montreal Canadiens","","Columbus Blue Jackets","","","https://r2.thesportsdb.com/images/media/event/thumb/kctbaf1760901694.jpg"
"2592114","2026-12-30 01:00:00","Round 14","Calgary Flames","","San Jose Sharks","","","https://r2.thesportsdb.com/images/media/event/thumb/oek6yz1760900762.jpg"
"2592115","2026-12-30 01:00:00","Round 14","Chicago Blackhawks","","Vegas Golden Knights","","","https://r2.thesportsdb.com/images/media/event/thumb/eh8uxo1760900359.jpg"
"2592116","2026-12-30 02:00:00","Round 14","Colorado Avalanche","","St. Louis Blues","","","https://r2.thesportsdb.com/images/media/event/thumb/iwmmhz1760901585.jpg"
"2592117","2026-12-30 02:00:00","Round 14","Utah Mammoth","","New Jersey Devils","","","https://r2.thesportsdb.com/images/media/event/thumb/m8gukj1760900144.jpg"
"2592118","2026-12-30 02:40:00","Round 14","Seattle Kraken","","Philadelphia Flyers","","","https://r2.thesportsdb.com/images/media/event/thumb/223t6p1760900253.jpg"
"2592119","2026-12-30 03:00:00","Round 14","Anaheim Ducks","","Toronto Maple Leafs","","","https://r2.thesportsdb.com/images/media/event/thumb/t2jxl31760901456.jpg"
"2592120","2026-12-30 21:00:00","Round 14","New York Islanders","","Washington Capitals","","","https://r2.thesportsdb.com/images/media/event/thumb/fvop281760899910.jpg"
"2592121","2026-12-31 00:00:00","Round 14","Florida Panthers","","Buffalo Sabres","","","https://r2.thesportsdb.com/images/media/event/thumb/3jn7sf1760900913.jpg"
"2592122","2026-12-31 00:30:00","Round 14","Boston Bruins","","Edmonton Oilers","","","https://r2.thesportsdb.com/images/media/event/thumb/zk08we1760900130.jpg"
"2592123","2026-12-31 02:30:00","Round 14","Vancouver Canucks","","Seattle Kraken","","","https://r2.thesportsdb.com/images/media/event/thumb/gp3sti1760901198.jpg"
"2592124","2026-12-31 03:00:00","Round 14","Los Angeles Kings","","Toronto Maple Leafs","","","https://r2.thesportsdb.com/images/media/event/thumb/t1m7fg1760901551.jpg"
"2592125","2026-12-31 19:00:00","Round 14","Columbus Blue Jackets","","Washington Capitals","","","https://r2.thesportsdb.com/images/media/event/thumb/fpier21760901743.jpg"
"2592126","2026-12-31 19:00:00","Round 14","Detroit Red Wings","","Carolina Hurricanes","","","https://r2.thesportsdb.com/images/media/event/thumb/jwl1l81760900462.jpg"
"2592127","2026-12-31 19:00:00","Round 14","Ottawa Senators","","Pittsburgh Penguins","","","https://r2.thesportsdb.com/images/media/event/thumb/9piwr21760901377.jpg"
"2592128","2026-12-31 19:00:00","Round 14","Tampa Bay Lightning","","Montreal Canadiens","","","https://r2.thesportsdb.com/images/media/event/thumb/l5ypj91760901467.jpg"
"2592129","2026-12-31 20:00:00","Round 14","Vegas Golden Knights","","St. Louis Blues","","","https://r2.thesportsdb.com/images/media/event/thumb/yholhf1760900449.jpg"
"2592130","2026-12-31 23:00:00","Round 14","Utah Mammoth","","Colorado Avalanche","","","https://r2.thesportsdb.com/images/media/event/thumb/2oqmud1760900874.jpg"
"2592131","2027-01-01 01:00:00","Round 14","Calgary Flames","","Winnipeg Jets","","","https://r2.thesportsdb.com/images/media/event/thumb/494n7v1760899752.jpg"
"2592132","2027-01-01 02:00:00","Round 14","Dallas Stars","","New York Rangers","","","https://r2.thesportsdb.com/images/media/event/thumb/jr9jfy1760901678.jpg"
"2592133","2027-01-01 19:00:00","Round 14","Nashville Predators","","Florida Panthers","","","https://r2.thesportsdb.com/images/media/event/thumb/jb2lhj1760899840.jpg"
"2592134","2027-01-01 20:00:00","Round 14","Chicago Blackhawks","","Boston Bruins","","","https://r2.thesportsdb.com/images/media/event/thumb/00s9nl1760900544.jpg"
"2592135","2027-01-01 21:00:00","Round 14","Anaheim Ducks","","New Jersey Devils","","","https://r2.thesportsdb.com/images/media/event/thumb/6ostc21760899622.jpg"
"2592136","2027-01-01 21:00:00","Round 14","San Jose Sharks","","Philadelphia Flyers","","","https://r2.thesportsdb.com/images/media/event/thumb/ydsign1760901299.jpg"
"2592137","2027-01-01 23:00:00","Round 14","Pittsburgh Penguins","","Minnesota Wild","","","https://r2.thesportsdb.com/images/media/event/thumb/ghu7sg1760899804.jpg"
"2592139","2027-01-02 18:00:00","Round 14","Florida Panthers","","Montreal Canadiens","","","https://r2.thesportsdb.com/images/media/event/thumb/3gkfph1760900273.jpg"
"2592138","2027-01-02 20:30:00","Round 14","Detroit Red Wings","","Edmonton Oilers","","","https://r2.thesportsdb.com/images/media/event/thumb/r2ahf71760899483.jpg"
"2592140","2027-01-03 00:00:00","Round 14","Tampa Bay Lightning","","Buffalo Sabres","","","https://r2.thesportsdb.com/images/media/event/thumb/l6019v1760900939.jpg"
"2592141","2027-01-03 00:00:00","Round 14","Washington Capitals","","Ottawa Senators","","","https://r2.thesportsdb.com/images/media/event/thumb/oiadef1760901248.jpg"
"2592142","2027-01-03 00:00:00","Round 14","Winnipeg Jets","","Calgary Flames","","","https://r2.thesportsdb.com/images/media/event/thumb/uztcad1760899529.jpg"
"2592143","2027-01-03 00:00:00","Round 14","San Jose Sharks","","Toronto Maple Leafs","","","https://r2.thesportsdb.com/images/media/event/thumb/8pce1r1760901519.jpg"
"2592144","2027-01-03 00:00:00","Round 14","Minnesota Wild","","St. Louis Blues","","","https://r2.thesportsdb.com/images/media/event/thumb/1qyz8b1760900961.jpg"
"2592145","2027-01-03 00:00:00","Round 14","Columbus Blue Jackets","","Boston Bruins","","","https://r2.thesportsdb.com/images/media/event/thumb/yqqxd21760901703.jpg"
"2592146","2027-01-03 00:00:00","Round 14","Carolina Hurricanes","","Nashville Predators","","","https://r2.thesportsdb.com/images/media/event/thumb/bsqmld1760899977.jpg"
"2592147","2027-01-03 01:00:00","Round 14","Dallas Stars","","Chicago Blackhawks","","","https://r2.thesportsdb.com/images/media/event/thumb/g8gqg11760901080.jpg"
"2592148","2027-01-03 02:00:00","Round 14","Los Angeles Kings","","New Jersey Devils","","","https://r2.thesportsdb.com/images/media/event/thumb/xhqqcc1760899614.jpg"
"2592149","2027-01-03 03:00:00","Round 14","Seattle Kraken","","New York Islanders","","","https://r2.thesportsdb.com/images/media/event/thumb/p78md61760900605.jpg"
"2592150","2027-01-03 03:00:00","Round 14","Utah Mammoth","","Vancouver Canucks","","","https://r2.thesportsdb.com/images/media/event/thumb/8wt2rk1760900810.jpg"
"2592151","2027-01-03 03:00:00","Round 14","Vegas Golden Knights","","Colorado Avalanche","","","https://r2.thesportsdb.com/images/media/event/thumb/k643vc1760900244.jpg"
"2592152","2027-01-03 20:00:00","Round 14","Pittsburgh Penguins","","Edmonton Oilers","","","https://r2.thesportsdb.com/images/media/event/thumb/klx1y21760900105.jpg"
"2592153","2027-01-03 23:00:00","Round 14","New York Rangers","","Columbus Blue Jackets","","","https://r2.thesportsdb.com/images/media/event/thumb/zhaf5a1760900969.jpg"
"2592154","2027-01-04 00:00:00","Round 15","St. Louis Blues","","Calgary Flames","","","https://r2.thesportsdb.com/images/media/event/thumb/0yx81o1760899707.jpg"
"2592155","2027-01-04 01:00:00","Round 15","Anaheim Ducks","","Philadelphia Flyers","","","https://r2.thesportsdb.com/images/media/event/thumb/ed03ni1760901254.jpg"
"2592156","2027-01-04 01:00:00","Round 15","Seattle Kraken","","Vancouver Canucks","","","https://r2.thesportsdb.com/images/media/event/thumb/hcrigj1760900951.jpg"
"2592157","2027-01-05 00:30:00","Round 15","Buffalo Sabres","","Winnipeg Jets","","","https://r2.thesportsdb.com/images/media/event/thumb/nqqe0i1760899919.jpg"
"2592158","2027-01-05 00:30:00","Round 15","Montreal Canadiens","","Chicago Blackhawks","","","https://r2.thesportsdb.com/images/media/event/thumb/c7x4tt1760900128.jpg"
"2592159","2027-01-05 00:30:00","Round 15","Washington Capitals","","Toronto Maple Leafs","","","https://r2.thesportsdb.com/images/media/event/thumb/d8mlmt1760900123.jpg"
"2592160","2027-01-05 01:00:00","Round 15","Dallas Stars","","Detroit Red Wings","","","https://r2.thesportsdb.com/images/media/event/thumb/s6dqqw1760901193.jpg"
"2592161","2027-01-05 02:00:00","Round 15","Colorado Avalanche","","Vegas Golden Knights","","","https://r2.thesportsdb.com/images/media/event/thumb/d9kfjb1760901696.jpg"
"2592162","2027-01-05 03:00:00","Round 15","Los Angeles Kings","","Philadelphia Flyers","","","https://r2.thesportsdb.com/images/media/event/thumb/fu5jxi1760901278.jpg"
"2592163","2027-01-05 03:00:00","Round 15","San Jose Sharks","","New Jersey Devils","","","https://r2.thesportsdb.com/images/media/event/thumb/fdnot11760899595.jpg"
"2592164","2027-01-06 00:00:00","Round 15","Carolina Hurricanes","","St. Louis Blues","","","https://r2.thesportsdb.com/images/media/event/thumb/kwwicq1760901148.jpg"
"2592165","2027-01-06 00:00:00","Round 15","Columbus Blue Jackets","","New York Rangers","","","https://r2.thesportsdb.com/images/media/event/thumb/3tqgq81760901260.jpg"
"2592166","2027-01-06 00:30:00","Round 15","Boston Bruins","","Buffalo Sabres","","","https://r2.thesportsdb.com/images/media/event/thumb/z4pioc1760899584.jpg"
"2592167","2027-01-06 00:30:00","Round 15","Nashville Predators","","Edmonton Oilers","","","https://r2.thesportsdb.com/images/media/event/thumb/nlyulk1760900487.jpg"
"2592168","2027-01-06 01:00:00","Round 15","Calgary Flames","","Florida Panthers","","","https://r2.thesportsdb.com/images/media/event/thumb/00c49t1760901286.jpg"
"2592169","2027-01-06 02:00:00","Round 15","Utah Mammoth","","Ottawa Senators","","","https://r2.thesportsdb.com/images/media/event/thumb/pttyyg1760900397.jpg"
"2592170","2027-01-06 02:00:00","Round 15","Vancouver Canucks","","New York Islanders","","","https://r2.thesportsdb.com/images/media/event/thumb/4b2fxt1760900577.jpg"
"2592171","2027-01-06 02:40:00","Round 15","Seattle Kraken","","Tampa Bay Lightning","","","https://r2.thesportsdb.com/images/media/event/thumb/wicyf01760901239.jpg"
"2592172","2027-01-06 03:00:00","Round 15","Anaheim Ducks","","Minnesota Wild","","","https://r2.thesportsdb.com/images/media/event/thumb/j2g0271760900325.jpg"
"2592173","2027-01-07 00:30:00","Round 15","Montreal Canadiens","","Boston Bruins","","","https://r2.thesportsdb.com/images/media/event/thumb/a9wl821760901227.jpg"
"2592174","2027-01-07 02:30:00","Round 15","Colorado Avalanche","","Ottawa Senators","","","https://r2.thesportsdb.com/images/media/event/thumb/kuhvqd1760900416.jpg"
"2592175","2027-01-07 03:00:00","Round 15","Los Angeles Kings","","Washington Capitals","","","https://r2.thesportsdb.com/images/media/event/thumb/o5gitx1760899938.jpg"
"2592176","2027-01-07 03:00:00","Round 15","San Jose Sharks","","Dallas Stars","","","https://r2.thesportsdb.com/images/media/event/thumb/gj1d4k1760900430.jpg"
"2592177","2027-01-08 00:00:00","Round 15","Philadelphia Flyers","","Toronto Maple Leafs","","","https://r2.thesportsdb.com/images/media/event/thumb/0qll9y1760900409.jpg"
"2592178","2027-01-08 00:00:00","Round 15","New York Rangers","","Chicago Blackhawks","","","https://r2.thesportsdb.com/images/media/event/thumb/64s1ho1760901402.jpg"
"2592179","2027-01-08 00:00:00","Round 15","New Jersey Devils","","Columbus Blue Jackets","","","https://r2.thesportsdb.com/images/media/event/thumb/25hziq1760900816.jpg"
"2592180","2027-01-08 00:00:00","Round 15","Detroit Red Wings","","Utah Mammoth","","","https://r2.thesportsdb.com/images/media/event/thumb/h2j8ej1760900114.jpg"
"2592181","2027-01-08 00:00:00","Round 15","Carolina Hurricanes","","Pittsburgh Penguins","","","https://r2.thesportsdb.com/images/media/event/thumb/9ftfrl1760901243.jpg"
"2592182","2027-01-08 01:00:00","Round 15","Calgary Flames","","New York Islanders","","","https://r2.thesportsdb.com/images/media/event/thumb/1svmod1760900531.jpg"
"2592183","2027-01-08 01:00:00","Round 15","Edmonton Oilers","","Florida Panthers","","","https://r2.thesportsdb.com/images/media/event/thumb/otp2ff1760901269.jpg"
"2592184","2027-01-08 01:00:00","Round 15","Winnipeg Jets","","Nashville Predators","","","https://r2.thesportsdb.com/images/media/event/thumb/xxhwmt1760901233.jpg"
"2592185","2027-01-08 02:00:00","Round 15","Vancouver Canucks","","Tampa Bay Lightning","","","https://r2.thesportsdb.com/images/media/event/thumb/gq2szz1760901273.jpg"
"2592186","2027-01-08 02:30:00","Round 15","Vegas Golden Knights","","Minnesota Wild","","","https://r2.thesportsdb.com/images/media/event/thumb/n11t401760901043.jpg"
"2592187","2027-01-09 00:00:00","Round 15","Columbus Blue Jackets","","Buffalo Sabres","","","https://r2.thesportsdb.com/images/media/event/thumb/6kv5ys1760900330.jpg"
"2592188","2027-01-09 01:00:00","Round 15","St. Louis Blues","","Ottawa Senators","","","https://r2.thesportsdb.com/images/media/event/thumb/bnxcpf1760899876.jpg"
"2592189","2027-01-09 02:00:00","Round 15","Colorado Avalanche","","Seattle Kraken","","https://r2.thesportsdb.com/images/media/event/poster/um8ajd1681781257.jpg","https://r2.thesportsdb.com/images/media/event/thumb/esrq1w1760901785.jpg"
"2592190","2027-01-09 03:00:00","Round 15","Anaheim Ducks","","Dallas Stars","","","https://r2.thesportsdb.com/images/media/event/thumb/y5y19y1760900490.jpg"
"2592191","2027-01-09 03:00:00","Round 15","San Jose Sharks","","Washington Capitals","","","https://r2.thesportsdb.com/images/media/event/thumb/d5b43f1760899944.jpg"
"2592192","2027-01-09 17:00:00","Round 15","New Jersey Devils","","Chicago Blackhawks","","","https://r2.thesportsdb.com/images/media/event/thumb/kobuhg1760901449.jpg"
"2592193","2027-01-09 20:30:00","Round 15","Calgary Flames","","Tampa Bay Lightning","","","https://r2.thesportsdb.com/images/media/event/thumb/3y7cdi1760901327.jpg"
"2592194","2027-01-09 20:30:00","Round 15","Edmonton Oilers","","New York Islanders","","","https://r2.thesportsdb.com/images/media/event/thumb/l2a2ft1760900513.jpg"
"2592195","2027-01-10 00:00:00","Round 15","Buffalo Sabres","","Carolina Hurricanes","","","https://r2.thesportsdb.com/images/media/event/thumb/9nuhrl1760899825.jpg"
"2592196","2027-01-10 00:00:00","Round 15","Detroit Red Wings","","Boston Bruins","","","https://r2.thesportsdb.com/images/media/event/thumb/j9yec81760901310.jpg"
"2592197","2027-01-10 00:00:00","Round 15","Montreal Canadiens","","Pittsburgh Penguins","","","https://r2.thesportsdb.com/images/media/event/thumb/kwbj181760900165.jpg"
"2592198","2027-01-10 00:00:00","Round 15","Toronto Maple Leafs","","Philadelphia Flyers","","","https://r2.thesportsdb.com/images/media/event/thumb/aqezcy1760900971.jpg"
"2592199","2027-01-10 00:00:00","Round 15","Winnipeg Jets","","Utah Mammoth","","","https://r2.thesportsdb.com/images/media/event/thumb/lon6r31760899552.jpg"
"2592200","2027-01-10 01:00:00","Round 15","Minnesota Wild","","Nashville Predators","","","https://r2.thesportsdb.com/images/media/event/thumb/0i9slw1760900207.jpg"
"2592201","2027-01-10 02:00:00","Round 15","Los Angeles Kings","","Dallas Stars","","","https://r2.thesportsdb.com/images/media/event/thumb/rbphvz1760900474.jpg"
"2592202","2027-01-10 03:00:00","Round 15","San Jose Sharks","","New York Rangers","","","https://r2.thesportsdb.com/images/media/event/thumb/sf58p51760900644.jpg"
"2592203","2027-01-10 03:00:00","Round 15","Vancouver Canucks","","Florida Panthers","","","https://r2.thesportsdb.com/images/media/event/thumb/h0bt2y1760901241.jpg"
"2592204","2027-01-10 03:00:00","Round 15","Vegas Golden Knights","","Seattle Kraken","","","https://r2.thesportsdb.com/images/media/event/thumb/gb4o8x1760901771.jpg"
"2592206","2027-01-10 20:30:00","Round 16","Anaheim Ducks","","Washington Capitals","","","https://r2.thesportsdb.com/images/media/event/thumb/qatsqa1760899968.jpg"
"2592205","2027-01-11 00:30:00","Round 16","Philadelphia Flyers","","Chicago Blackhawks","","","https://r2.thesportsdb.com/images/media/event/thumb/lwvl2j1760901374.jpg"
"2592207","2027-01-11 01:00:00","Round 16","Colorado Avalanche","","Nashville Predators","","","https://r2.thesportsdb.com/images/media/event/thumb/jv2gm01760900524.jpg"
"2592208","2027-01-12 00:30:00","Round 16","Toronto Maple Leafs","","Winnipeg Jets","","","https://r2.thesportsdb.com/images/media/event/thumb/r97crz1760900309.jpg"
"2592209","2027-01-12 01:30:00","Round 16","Edmonton Oilers","","Tampa Bay Lightning","","","https://r2.thesportsdb.com/images/media/event/thumb/dnboer1760901313.jpg"
"2592210","2027-01-12 03:00:00","Round 16","Los Angeles Kings","","New York Rangers","","","https://r2.thesportsdb.com/images/media/event/thumb/yw0hti1760900594.jpg"
"2592211","2027-01-13 00:00:00","Round 16","Washington Capitals","","Vegas Golden Knights","","","https://r2.thesportsdb.com/images/media/event/thumb/2qk29c1760900915.jpg"
"2592212","2027-01-13 00:00:00","Round 16","Buffalo Sabres","","New Jersey Devils","","","https://r2.thesportsdb.com/images/media/event/thumb/mbkypi1760899883.jpg"
"2592213","2027-01-13 00:00:00","Round 16","Pittsburgh Penguins","","Colorado Avalanche","","","https://r2.thesportsdb.com/images/media/event/thumb/14xbgl1760901348.jpg"
"2592214","2027-01-13 00:00:00","Round 16","Boston Bruins","","Carolina Hurricanes","","","https://r2.thesportsdb.com/images/media/event/thumb/l1pto51760899761.jpg"
"2592215","2027-01-13 01:00:00","Round 16","Calgary Flames","","Columbus Blue Jackets","","","https://r2.thesportsdb.com/images/media/event/thumb/khbvuq1760899646.jpg"
"2592216","2027-01-13 01:00:00","Round 16","Chicago Blackhawks","","Utah Mammoth","","","https://r2.thesportsdb.com/images/media/event/thumb/1gy8nw1760901094.jpg"
"2592217","2027-01-13 01:00:00","Round 16","Dallas Stars","","Ottawa Senators","","","https://r2.thesportsdb.com/images/media/event/thumb/p2ls6o1760899915.jpg"
"2592218","2027-01-13 01:00:00","Round 16","Nashville Predators","","Philadelphia Flyers","","","https://r2.thesportsdb.com/images/media/event/thumb/3g245y1760899658.jpg"
"2592219","2027-01-13 02:40:00","Round 16","Seattle Kraken","","Florida Panthers","","","https://r2.thesportsdb.com/images/media/event/thumb/6dpf0p1760901212.jpg"
"2592220","2027-01-13 03:00:00","Round 16","Anaheim Ducks","","New York Rangers","","","https://r2.thesportsdb.com/images/media/event/thumb/onvjh71760900575.jpg"
"2592221","2027-01-14 00:00:00","Round 16","Montreal Canadiens","","New Jersey Devils","","","https://r2.thesportsdb.com/images/media/event/thumb/cabvs01760901580.jpg"
"2592222","2027-01-14 00:30:00","Round 16","New York Islanders","","Pittsburgh Penguins","","","https://r2.thesportsdb.com/images/media/event/thumb/2nljfh1760901451.jpg"
"2592223","2027-01-14 02:00:00","Round 16","Utah Mammoth","","Detroit Red Wings","","","https://r2.thesportsdb.com/images/media/event/thumb/rjf4jr1760900837.jpg"
"2592224","2027-01-14 02:00:00","Round 16","Edmonton Oilers","","San Jose Sharks","","","https://r2.thesportsdb.com/images/media/event/thumb/monhtc1760901235.jpg"
"2592225","2027-01-14 03:00:00","Round 16","Los Angeles Kings","","St. Louis Blues","","","https://r2.thesportsdb.com/images/media/event/thumb/olqgrw1760901487.jpg"
"2592226","2027-01-15 00:00:00","Round 16","Boston Bruins","","Dallas Stars","","","https://r2.thesportsdb.com/images/media/event/thumb/hwdgm31760901476.jpg"
"2592228","2027-01-15 00:00:00","Round 16","Ottawa Senators","","Winnipeg Jets","","","https://r2.thesportsdb.com/images/media/event/thumb/zhqo3j1760900345.jpg"
"2592229","2027-01-15 00:00:00","Round 16","Tampa Bay Lightning","","Vegas Golden Knights","","","https://r2.thesportsdb.com/images/media/event/thumb/gyq6p81760899549.jpg"
"2592230","2027-01-15 00:00:00","Round 16","Toronto Maple Leafs","","Chicago Blackhawks","","","https://r2.thesportsdb.com/images/media/event/thumb/ugkuz11760900103.jpg"
"2592231","2027-01-15 00:00:00","Round 16","Washington Capitals","","Carolina Hurricanes","","","https://r2.thesportsdb.com/images/media/event/thumb/xkgf661760900767.jpg"
"2592227","2027-01-15 00:30:00","Round 16","Buffalo Sabres","","Colorado Avalanche","","","https://r2.thesportsdb.com/images/media/event/thumb/jpkdoa1760899420.jpg"
"2592232","2027-01-15 01:00:00","Round 16","Calgary Flames","","San Jose Sharks","","","https://r2.thesportsdb.com/images/media/event/thumb/oek6yz1760900762.jpg"
"2592233","2027-01-15 01:00:00","Round 16","Nashville Predators","","Montreal Canadiens","","","https://r2.thesportsdb.com/images/media/event/thumb/r5nxbw1760901424.jpg"
"2592234","2027-01-15 02:00:00","Round 16","Vancouver Canucks","","Seattle Kraken","","","https://r2.thesportsdb.com/images/media/event/thumb/gp3sti1760901198.jpg"
"2592235","2027-01-15 02:30:00","Round 16","Minnesota Wild","","Florida Panthers","","","https://r2.thesportsdb.com/images/media/event/thumb/tne9hk1760900663.jpg"
"2592236","2027-01-15 03:00:00","Round 16","Anaheim Ducks","","St. Louis Blues","","","https://r2.thesportsdb.com/images/media/event/thumb/921mkg1760901527.jpg"
"2592237","2027-01-16 00:00:00","Round 16","Carolina Hurricanes","","Philadelphia Flyers","","","https://r2.thesportsdb.com/images/media/event/thumb/c4wzqg1760900077.jpg"
"2592238","2027-01-16 00:00:00","Round 16","New York Islanders","","Dallas Stars","","","https://r2.thesportsdb.com/images/media/event/thumb/r04ouk1760901379.jpg"
"2592239","2027-01-16 01:00:00","Round 16","Edmonton Oilers","","Columbus Blue Jackets","","","https://r2.thesportsdb.com/images/media/event/thumb/hqqh8p1760899697.jpg"
"2592240","2027-01-16 02:00:00","Round 16","Utah Mammoth","","Los Angeles Kings","","","https://r2.thesportsdb.com/images/media/event/thumb/qsa7dr1760901332.jpg"
"2592241","2027-01-16 17:00:00","Round 16","New York Rangers","","Boston Bruins","","","https://r2.thesportsdb.com/images/media/event/thumb/1697n11760900684.jpg"
"2592242","2027-01-16 20:30:00","Round 16","Tampa Bay Lightning","","Ottawa Senators","","","https://r2.thesportsdb.com/images/media/event/thumb/bykjng1760901407.jpg"
"2592243","2027-01-16 23:00:00","Round 16","Florida Panthers","","Vegas Golden Knights","","","https://r2.thesportsdb.com/images/media/event/thumb/yxabpa1760899534.jpg"
"2592244","2027-01-17 00:00:00","Round 16","Toronto Maple Leafs","","Pittsburgh Penguins","","","https://r2.thesportsdb.com/images/media/event/thumb/f1l6h91760900194.jpg"
"2592245","2027-01-17 00:00:00","Round 16","Winnipeg Jets","","Anaheim Ducks","","","https://r2.thesportsdb.com/images/media/event/thumb/ez8hxs1760901124.jpg"
"2592246","2027-01-17 00:00:00","Round 16","Washington Capitals","","Colorado Avalanche","","","https://r2.thesportsdb.com/images/media/event/thumb/qnl89f1760901317.jpg"
"2592247","2027-01-17 00:00:00","Round 16","Chicago Blackhawks","","Detroit Red Wings","","","https://r2.thesportsdb.com/images/media/event/thumb/qwi1zp1760900067.jpg"
"2592248","2027-01-17 00:00:00","Round 16","St. Louis Blues","","Minnesota Wild","","","https://r2.thesportsdb.com/images/media/event/thumb/85ypva1760901727.jpg"
"2592249","2027-01-17 00:00:00","Round 16","Philadelphia Flyers","","Montreal Canadiens","","","https://r2.thesportsdb.com/images/media/event/thumb/h6bi421760901738.jpg"
"2592250","2027-01-17 00:00:00","Round 16","New Jersey Devils","","New York Islanders","","","https://r2.thesportsdb.com/images/media/event/thumb/yjbune1760900849.jpg"
"2592251","2027-01-17 00:00:00","Round 16","Buffalo Sabres","","Nashville Predators","","","https://r2.thesportsdb.com/images/media/event/thumb/jf3zzh1760901049.jpg"
"2592252","2027-01-17 03:00:00","Round 16","Calgary Flames","","Los Angeles Kings","","","https://r2.thesportsdb.com/images/media/event/thumb/afebwp1760901781.jpg"
"2592253","2027-01-17 03:00:00","Round 16","Seattle Kraken","","San Jose Sharks","","","https://r2.thesportsdb.com/images/media/event/thumb/t8trty1760899753.jpg"
"2592254","2027-01-17 03:00:00","Round 16","Vancouver Canucks","","Columbus Blue Jackets","","","https://r2.thesportsdb.com/images/media/event/thumb/qqo3zi1760899681.jpg"
"2592255","2027-01-17 22:00:00","Round 16","Detroit Red Wings","","Minnesota Wild","","","https://r2.thesportsdb.com/images/media/event/thumb/bqckbp1760901570.jpg"
"2592256","2027-01-17 23:00:00","Round 16","New York Rangers","","Dallas Stars","","","https://r2.thesportsdb.com/images/media/event/thumb/dcd8lj1760899925.jpg"
"2592257","2027-01-17 23:00:00","Round 16","Carolina Hurricanes","","Vegas Golden Knights","","","https://r2.thesportsdb.com/images/media/event/thumb/cw2w8d1760899564.jpg"
"2592258","2027-01-18 00:00:00","Round 17","Edmonton Oilers","","Winnipeg Jets","","","https://r2.thesportsdb.com/images/media/event/thumb/ohvr8a1760899983.jpg"
"2592260","2027-01-18 18:30:00","Round 17","Boston Bruins","","Tampa Bay Lightning","","","https://r2.thesportsdb.com/images/media/event/thumb/ihfoxk1760901667.jpg"
"2592259","2027-01-18 19:00:00","Round 17","Buffalo Sabres","","Montreal Canadiens","","","https://r2.thesportsdb.com/images/media/event/thumb/vfeoux1760900774.jpg"
"2592261","2027-01-18 20:00:00","Round 17","Colorado Avalanche","","Vancouver Canucks","","","https://r2.thesportsdb.com/images/media/event/thumb/l6o77t1760901485.jpg"
"2592262","2027-01-18 20:00:00","Round 17","New York Islanders","","Nashville Predators","","","https://r2.thesportsdb.com/images/media/event/thumb/cnwf991760900782.jpg"
"2592263","2027-01-18 21:00:00","Round 17","Pittsburgh Penguins","","Washington Capitals","","","https://r2.thesportsdb.com/images/media/event/thumb/fookg31760901671.jpg"
"2592264","2027-01-18 21:00:00","Round 17","San Jose Sharks","","Utah Mammoth","","","https://r2.thesportsdb.com/images/media/event/thumb/myf44w1760899922.jpg"
"2592265","2027-01-18 21:00:00","Round 17","Seattle Kraken","","Columbus Blue Jackets","","","https://r2.thesportsdb.com/images/media/event/thumb/2uvfs51760899709.jpg"
"2592266","2027-01-19 00:30:00","Round 17","Toronto Maple Leafs","","St. Louis Blues","","","https://r2.thesportsdb.com/images/media/event/thumb/wqbruv1760899772.jpg"
"2592267","2027-01-19 00:30:00","Round 17","Florida Panthers","","Ottawa Senators","","","https://r2.thesportsdb.com/images/media/event/thumb/idoxy61760901471.jpg"
"2592268","2027-01-19 01:30:00","Round 17","Chicago Blackhawks","","Calgary Flames","","","https://r2.thesportsdb.com/images/media/event/thumb/22nlve1760900512.jpg"
"2592269","2027-01-20 00:00:00","Round 17","Detroit Red Wings","","Anaheim Ducks","","","https://r2.thesportsdb.com/images/media/event/thumb/1cyujp1760899723.jpg"
"2592270","2027-01-20 00:00:00","Round 17","New Jersey Devils","","Dallas Stars","","","https://r2.thesportsdb.com/images/media/event/thumb/97nvbh1760899939.jpg"
"2592271","2027-01-20 00:00:00","Round 17","New York Rangers","","Philadelphia Flyers","","","https://r2.thesportsdb.com/images/media/event/thumb/c60q6z1760900900.jpg"
"2592272","2027-01-20 00:00:00","Round 17","Washington Capitals","","Montreal Canadiens","","","https://r2.thesportsdb.com/images/media/event/thumb/691w751760900481.jpg"
"2592273","2027-01-20 01:00:00","Round 17","Winnipeg Jets","","Minnesota Wild","","","https://r2.thesportsdb.com/images/media/event/thumb/wtdws71760900223.jpg"
"2592274","2027-01-20 03:00:00","Round 17","Los Angeles Kings","","Seattle Kraken","","","https://r2.thesportsdb.com/images/media/event/thumb/y9mlwf1760900845.jpg"
"2592275","2027-01-20 19:00:00","Round 17","Nashville Predators","","Vancouver Canucks","","","https://r2.thesportsdb.com/images/media/event/thumb/dpk8ig1760899626.jpg"
"2592276","2027-01-21 00:00:00","Round 17","New York Islanders","","Buffalo Sabres","","","https://r2.thesportsdb.com/images/media/event/thumb/hkmsfo1760900650.jpg"
"2592277","2027-01-21 00:30:00","Round 17","Ottawa Senators","","Toronto Maple Leafs","","","https://r2.thesportsdb.com/images/media/event/thumb/70pjzm1760901767.jpg"
"2592279","2027-01-21 00:30:00","Round 17","Chicago Blackhawks","","Dallas Stars","","","https://r2.thesportsdb.com/images/media/event/thumb/cn8dux1760900316.jpg"
"2592278","2027-01-21 02:00:00","Round 17","Colorado Avalanche","","Boston Bruins","","","https://r2.thesportsdb.com/images/media/event/thumb/r73c5s1760899476.jpg"
"2592280","2027-01-21 03:00:00","Round 17","Vegas Golden Knights","","Edmonton Oilers","","","https://r2.thesportsdb.com/images/media/event/thumb/nghnfn1760901396.jpg"
"2592281","2027-01-22 00:00:00","Round 17","Buffalo Sabres","","Seattle Kraken","","","https://r2.thesportsdb.com/images/media/event/thumb/3g2u7y1760901420.jpg"
"2592282","2027-01-22 00:00:00","Round 17","Columbus Blue Jackets","","Calgary Flames","","","https://r2.thesportsdb.com/images/media/event/thumb/7kcdnv1760900476.jpg"
"2592283","2027-01-22 00:00:00","Round 17","Florida Panthers","","Carolina Hurricanes","","","https://r2.thesportsdb.com/images/media/event/thumb/32ojgt1760900139.jpg"
"2592284","2027-01-22 00:00:00","Round 17","Montreal Canadiens","","St. Louis Blues","","","https://r2.thesportsdb.com/images/media/event/thumb/to5fgx1760899994.jpg"
"2592285","2027-01-22 00:00:00","Round 17","New Jersey Devils","","Tampa Bay Lightning","","","https://r2.thesportsdb.com/images/media/event/thumb/11cmq11760900031.jpg"
"2592286","2027-01-22 00:00:00","Round 17","Philadelphia Flyers","","Nashville Predators","","","https://r2.thesportsdb.com/images/media/event/thumb/l7heu51760899587.jpg"
"2592287","2027-01-22 00:00:00","Round 17","Pittsburgh Penguins","","Anaheim Ducks","","","https://r2.thesportsdb.com/images/media/event/thumb/rhbv5h1760900008.jpg"
"2592288","2027-01-22 01:00:00","Round 17","Winnipeg Jets","","New York Rangers","","","https://r2.thesportsdb.com/images/media/event/thumb/a7ku281760901157.jpg"
"2592289","2027-01-22 02:00:00","Round 17","Minnesota Wild","","Detroit Red Wings","","","https://r2.thesportsdb.com/images/media/event/thumb/6zv2b41760900624.jpg"
"2592290","2027-01-22 03:00:00","Round 17","Los Angeles Kings","","Edmonton Oilers","","","https://r2.thesportsdb.com/images/media/event/thumb/hgscx21760901674.jpg"
"2592291","2027-01-23 00:00:00","Round 17","Washington Capitals","","New York Islanders","","","https://r2.thesportsdb.com/images/media/event/thumb/rdxd7d1760900794.jpg"
"2592292","2027-01-23 01:00:00","Round 17","Chicago Blackhawks","","Vancouver Canucks","","","https://r2.thesportsdb.com/images/media/event/thumb/9i46t31760901035.jpg"
"2592293","2027-01-23 01:00:00","Round 17","Dallas Stars","","Colorado Avalanche","","","https://r2.thesportsdb.com/images/media/event/thumb/rne4w81760901535.jpg"
"2592294","2027-01-23 03:00:00","Round 17","Vegas Golden Knights","","Boston Bruins","","","https://r2.thesportsdb.com/images/media/event/thumb/ymnkro1760899459.jpg"
"2592295","2027-01-23 17:30:00","Round 17","Detroit Red Wings","","Tampa Bay Lightning","","","https://r2.thesportsdb.com/images/media/event/thumb/82mtmr1760899870.jpg"
"2592296","2027-01-23 20:30:00","Round 17","Ottawa Senators","","Columbus Blue Jackets","","","https://r2.thesportsdb.com/images/media/event/thumb/ft6z7e1760900258.jpg"
"2592297","2027-01-23 22:00:00","Round 17","Nashville Predators","","Los Angeles Kings","","","https://r2.thesportsdb.com/images/media/event/thumb/oj6cq41760899545.jpg"
"2592298","2027-01-24 00:00:00","Round 17","St. Louis Blues","","Toronto Maple Leafs","","","https://r2.thesportsdb.com/images/media/event/thumb/stej031760901422.jpg"
"2592299","2027-01-24 00:00:00","Round 17","Carolina Hurricanes","","Anaheim Ducks","","","https://r2.thesportsdb.com/images/media/event/thumb/tvng7r1760900402.jpg"
"2592300","2027-01-24 00:00:00","Round 17","Pittsburgh Penguins","","Vancouver Canucks","","","https://r2.thesportsdb.com/images/media/event/thumb/1ecs6m1760899496.jpg"
"2592301","2027-01-24 00:00:00","Round 17","Montreal Canadiens","","Calgary Flames","","","https://r2.thesportsdb.com/images/media/event/thumb/4tq6tc1760900393.jpg"
"2592302","2027-01-24 00:30:00","Round 17","New York Islanders","","Seattle Kraken","","","https://r2.thesportsdb.com/images/media/event/thumb/ty5fk61760899828.jpg"
"2592303","2027-01-24 00:30:00","Round 17","Philadelphia Flyers","","New Jersey Devils","","","https://r2.thesportsdb.com/images/media/event/thumb/ttujoz1760899816.jpg"
"2592304","2027-01-24 01:00:00","Round 17","Minnesota Wild","","New York Rangers","","","https://r2.thesportsdb.com/images/media/event/thumb/vrm5ir1760901178.jpg"
"2592305","2027-01-24 02:00:00","Round 17","Utah Mammoth","","Boston Bruins","","","https://r2.thesportsdb.com/images/media/event/thumb/y4y45v1760899486.jpg"
"2592306","2027-01-24 03:00:00","Round 17","San Jose Sharks","","Edmonton Oilers","","","https://r2.thesportsdb.com/images/media/event/thumb/11zgb21760901628.jpg"
"2592307","2027-01-24 20:00:00","Round 17","Winnipeg Jets","","Buffalo Sabres","","","https://r2.thesportsdb.com/images/media/event/thumb/mwsrpu1760899963.jpg"
"2592308","2027-01-24 22:00:00","Round 17","Colorado Avalanche","","Dallas Stars","","","https://r2.thesportsdb.com/images/media/event/thumb/obmr9k1760901252.jpg"
"2592309","2027-01-24 22:00:00","Round 17","Columbus Blue Jackets","","Anaheim Ducks","","","https://r2.thesportsdb.com/images/media/event/thumb/ljjs9o1760900096.jpg"
"2592310","2027-01-24 23:00:00","Round 17","Florida Panthers","","Los Angeles Kings","","","https://r2.thesportsdb.com/images/media/event/thumb/w0rot41760900112.jpg"
"2592311","2027-01-25 00:00:00","Round 18","Chicago Blackhawks","","Vegas Golden Knights","","","https://r2.thesportsdb.com/images/media/event/thumb/eh8uxo1760900359.jpg"
"2592312","2027-01-25 00:00:00","Round 18","New Jersey Devils","","Washington Capitals","","","https://r2.thesportsdb.com/images/media/event/thumb/wiixh51760901505.jpg"
"2592313","2027-01-26 00:00:00","Round 18","Detroit Red Wings","","Pittsburgh Penguins","","","https://r2.thesportsdb.com/images/media/event/thumb/brtpve1760900329.jpg"
"2592314","2027-01-26 00:00:00","Round 18","New York Rangers","","Seattle Kraken","","","https://r2.thesportsdb.com/images/media/event/thumb/gklkyp1760900464.jpg"
"2592315","2027-01-26 00:30:00","Round 18","Ottawa Senators","","Carolina Hurricanes","","","https://r2.thesportsdb.com/images/media/event/thumb/vgorhv1760901578.jpg"
"2592316","2027-01-26 02:00:00","Round 18","Utah Mammoth","","Minnesota Wild","","","https://r2.thesportsdb.com/images/media/event/thumb/3vif1k1760900917.jpg"
"2592317","2027-01-27 00:00:00","Round 18","Toronto Maple Leafs","","Calgary Flames","","","https://r2.thesportsdb.com/images/media/event/thumb/ff8sjs1760899562.jpg"
"2592318","2027-01-27 00:00:00","Round 18","Tampa Bay Lightning","","Los Angeles Kings","","","https://r2.thesportsdb.com/images/media/event/thumb/di7js51760900121.jpg"
"2592319","2027-01-27 00:00:00","Round 18","Pittsburgh Penguins","","New York Islanders","","","https://r2.thesportsdb.com/images/media/event/thumb/xf18641760899389.jpg"
"2592320","2027-01-27 00:00:00","Round 18","Philadelphia Flyers","","Florida Panthers","","","https://r2.thesportsdb.com/images/media/event/thumb/p0ho241760899427.jpg"
"2592321","2027-01-27 00:00:00","Round 18","New Jersey Devils","","Seattle Kraken","","","https://r2.thesportsdb.com/images/media/event/thumb/f0pchx1760900494.jpg"
"2592322","2027-01-27 00:00:00","Round 18","Montreal Canadiens","","Carolina Hurricanes","","","https://r2.thesportsdb.com/images/media/event/thumb/zij97b1760901342.jpg"
"2592323","2027-01-27 00:00:00","Round 18","Boston Bruins","","Columbus Blue Jackets","","","https://r2.thesportsdb.com/images/media/event/thumb/59l75b1760900896.jpg"
"2592324","2027-01-27 01:00:00","Round 18","Dallas Stars","","Anaheim Ducks","","","https://r2.thesportsdb.com/images/media/event/thumb/h42prx1760899656.jpg"
"2592325","2027-01-27 01:00:00","Round 18","Minnesota Wild","","Vancouver Canucks","","","https://r2.thesportsdb.com/images/media/event/thumb/3v1kk21760901510.jpg"
"2592326","2027-01-27 01:00:00","Round 18","Nashville Predators","","Vegas Golden Knights","","","https://r2.thesportsdb.com/images/media/event/thumb/eo82pv1760901293.jpg"
"2592327","2027-01-27 01:00:00","Round 18","St. Louis Blues","","Chicago Blackhawks","","","https://r2.thesportsdb.com/images/media/event/thumb/yci5e31760900049.jpg"
"2592328","2027-01-27 02:00:00","Round 18","Colorado Avalanche","","Edmonton Oilers","","","https://r2.thesportsdb.com/images/media/event/thumb/1ssgyi1760901126.jpg"
"2592329","2027-01-28 00:30:00","Round 18","Detroit Red Wings","","Toronto Maple Leafs","","","https://r2.thesportsdb.com/images/media/event/thumb/7bb4c81760900251.jpg"
"2592330","2027-01-28 00:30:00","Round 18","New York Rangers","","Florida Panthers","","","https://r2.thesportsdb.com/images/media/event/thumb/w1t0oo1760901438.jpg"
"2592331","2027-01-28 02:00:00","Round 18","Utah Mammoth","","Buffalo Sabres","","","https://r2.thesportsdb.com/images/media/event/thumb/au5x1m1760899715.jpg"
"2592332","2027-01-28 23:30:00","Round 18","Carolina Hurricanes","","New York Islanders","","https://r2.thesportsdb.com/images/media/event/poster/au5rzo1681781272.jpg","https://r2.thesportsdb.com/images/media/event/thumb/bumhb11760901557.jpg"
"2592333","2027-01-29 00:00:00","Round 18","Columbus Blue Jackets","","Winnipeg Jets","","","https://r2.thesportsdb.com/images/media/event/thumb/o36apr1760901554.jpg"
"2592334","2027-01-29 00:00:00","Round 18","Ottawa Senators","","Boston Bruins","","","https://r2.thesportsdb.com/images/media/event/thumb/jm8yxk1760899719.jpg"
"2592335","2027-01-29 00:30:00","Round 18","Philadelphia Flyers","","Los Angeles Kings","","","https://r2.thesportsdb.com/images/media/event/thumb/t6ng6e1760900755.jpg"
"2592336","2027-01-29 01:00:00","Round 18","Calgary Flames","","Montreal Canadiens","","","https://r2.thesportsdb.com/images/media/event/thumb/u7bjuh1760899509.jpg"
"2592337","2027-01-29 01:00:00","Round 18","Dallas Stars","","Vancouver Canucks","","","https://r2.thesportsdb.com/images/media/event/thumb/syt6yk1760899455.jpg"
"2592338","2027-01-29 01:00:00","Round 18","Edmonton Oilers","","New Jersey Devils","","","https://r2.thesportsdb.com/images/media/event/thumb/gnmb8z1760900592.jpg"
"2592339","2027-01-29 01:00:00","Round 18","St. Louis Blues","","Colorado Avalanche","","","https://r2.thesportsdb.com/images/media/event/thumb/ucdmde1760901613.jpg"
"2592340","2027-01-29 02:00:00","Round 18","Minnesota Wild","","Seattle Kraken","","","https://r2.thesportsdb.com/images/media/event/thumb/mu14pi1760901610.jpg"
"2592341","2027-01-29 03:00:00","Round 18","Vegas Golden Knights","","Buffalo Sabres","","","https://r2.thesportsdb.com/images/media/event/thumb/glxvpe1760901237.jpg"
"2592342","2027-01-29 03:00:00","Round 18","San Jose Sharks","","Nashville Predators","","","https://r2.thesportsdb.com/images/media/event/thumb/v3p3vi1760901565.jpg"
"2592343","2027-01-29 03:00:00","Round 18","Anaheim Ducks","","Chicago Blackhawks","","","https://r2.thesportsdb.com/images/media/event/thumb/vow96t1760899998.jpg"
"2592344","2027-01-30 00:00:00","Round 18","Detroit Red Wings","","Florida Panthers","","","https://r2.thesportsdb.com/images/media/event/thumb/jqwrlh1760901031.jpg"
"2592345","2027-01-30 00:00:00","Round 18","Pittsburgh Penguins","","New York Rangers","","","https://r2.thesportsdb.com/images/media/event/thumb/46gk3u1760900760.jpg"
"2592346","2027-01-30 02:00:00","Round 18","Utah Mammoth","","Washington Capitals","","","https://r2.thesportsdb.com/images/media/event/thumb/idm7h61760901394.jpg"
"2592347","2027-01-30 18:00:00","Round 18","Philadelphia Flyers","","Winnipeg Jets","","","https://r2.thesportsdb.com/images/media/event/thumb/bk3wof1760899447.jpg"
"2592348","2027-01-30 20:30:00","Round 18","Calgary Flames","","New Jersey Devils","","","https://r2.thesportsdb.com/images/media/event/thumb/37b6ei1760900573.jpg"
"2592349","2027-01-30 20:30:00","Round 18","St. Louis Blues","","Vancouver Canucks","","","https://r2.thesportsdb.com/images/media/event/thumb/fh8gcj1760899593.jpg"
"2592350","2027-01-30 21:00:00","Round 18","San Jose Sharks","","Chicago Blackhawks","","","https://r2.thesportsdb.com/images/media/event/thumb/ibhtxs1760901592.jpg"
"2592351","2027-01-30 22:00:00","Round 18","Colorado Avalanche","","Buffalo Sabres","","","https://r2.thesportsdb.com/images/media/event/thumb/v4006x1760899727.jpg"
"2592352","2027-01-31 00:00:00","Round 18","Ottawa Senators","","New York Rangers","","","https://r2.thesportsdb.com/images/media/event/thumb/cc2cne1760899953.jpg"
"2592353","2027-01-31 00:00:00","Round 18","Tampa Bay Lightning","","New York Islanders","","","https://r2.thesportsdb.com/images/media/event/thumb/axzlga1760899974.jpg"
"2592354","2027-01-31 00:00:00","Round 18","Carolina Hurricanes","","Los Angeles Kings","","","https://r2.thesportsdb.com/images/media/event/thumb/kutifs1760900790.jpg"
"2592355","2027-01-31 00:00:00","Round 18","Edmonton Oilers","","Montreal Canadiens","","","https://r2.thesportsdb.com/images/media/event/thumb/chff3b1760899524.jpg"
"2592356","2027-01-31 00:00:00","Round 18","Columbus Blue Jackets","","Detroit Red Wings","","","https://r2.thesportsdb.com/images/media/event/thumb/dc8nxx1760899948.jpg"
"2592357","2027-01-31 00:00:00","Round 18","Boston Bruins","","Toronto Maple Leafs","","","https://r2.thesportsdb.com/images/media/event/thumb/5ivprg1760901336.jpg"
"2592358","2027-01-31 02:00:00","Round 18","Minnesota Wild","","Dallas Stars","","","https://r2.thesportsdb.com/images/media/event/thumb/m1nvt01760901297.jpg"
"2592359","2027-01-31 03:00:00","Round 18","Anaheim Ducks","","Nashville Predators","","","https://r2.thesportsdb.com/images/media/event/thumb/5fq2hg1760901617.jpg"
"2592360","2027-01-31 03:00:00","Round 18","Vegas Golden Knights","","Washington Capitals","","","https://r2.thesportsdb.com/images/media/event/thumb/lrkds21760901436.jpg"
"2592361","2027-01-31 17:00:00","Round 18","Pittsburgh Penguins","","Philadelphia Flyers","","","https://r2.thesportsdb.com/images/media/event/thumb/zb1vxe1760901051.jpg"
"2592362","2027-01-31 21:00:00","Round 18","Seattle Kraken","","New Jersey Devils","","","https://r2.thesportsdb.com/images/media/event/thumb/l2i15j1760900669.jpg"
"2592363","2027-02-01 01:00:00","Round 19","Utah Mammoth","","Nashville Predators","","","https://r2.thesportsdb.com/images/media/event/thumb/aipt8s1760901657.jpg"
"2592364","2027-02-01 19:00:00","Round 19","Florida Panthers","","New York Islanders","","","https://r2.thesportsdb.com/images/media/event/thumb/xzgptt1760899990.jpg"
"2592365","2027-02-02 00:30:00","Round 19","Calgary Flames","","Vegas Golden Knights","","","https://r2.thesportsdb.com/images/media/event/thumb/5c90n61760900168.jpg"
"2592366","2027-02-02 01:30:00","Round 19","Vancouver Canucks","","Montreal Canadiens","","","https://r2.thesportsdb.com/images/media/event/thumb/6czxc01760899541.jpg"
"2592367","2027-02-02 23:00:00","Round 19","Washington Capitals","","Winnipeg Jets","","","https://r2.thesportsdb.com/images/media/event/thumb/a55ogz1760899848.jpg"
"2592368","2027-02-03 00:00:00","Round 19","Pittsburgh Penguins","","Tampa Bay Lightning","","","https://r2.thesportsdb.com/images/media/event/thumb/v8xbm21760900479.jpg"
"2592369","2027-02-03 02:00:00","Round 19","Utah Mammoth","","Nashville Predators","","","https://r2.thesportsdb.com/images/media/event/thumb/aipt8s1760901657.jpg"
"2592370","2027-02-04 00:00:00","Round 19","Buffalo Sabres","","New York Islanders","","","https://r2.thesportsdb.com/images/media/event/thumb/479kac1760901474.jpg"
"2592371","2027-02-04 00:00:00","Round 19","Florida Panthers","","Washington Capitals","","","https://r2.thesportsdb.com/images/media/event/thumb/put1w51760900257.jpg"
"2592372","2027-02-04 00:30:00","Round 19","New York Rangers","","Winnipeg Jets","","","https://r2.thesportsdb.com/images/media/event/thumb/ha9bfs1760901315.jpg"
"2592373","2027-02-04 00:30:00","Round 19","Philadelphia Flyers","","Tampa Bay Lightning","","","https://r2.thesportsdb.com/images/media/event/thumb/qdh9t31760900465.jpg"
"2592374","2027-02-04 02:00:00","Round 19","Vancouver Canucks","","New Jersey Devils","","","https://r2.thesportsdb.com/images/media/event/thumb/ttmkaf1760900648.jpg"
"2592375","2027-02-04 02:00:00","Round 19","Edmonton Oilers","","Vegas Golden Knights","","","https://r2.thesportsdb.com/images/media/event/thumb/hacvoq1760901562.jpg"
"2592376","2027-02-04 02:00:00","Round 19","Calgary Flames","","Utah Mammoth","","","https://r2.thesportsdb.com/images/media/event/thumb/heunlk1760901713.jpg"
"2592377","2027-02-04 02:40:00","Round 19","Seattle Kraken","","Montreal Canadiens","","","https://r2.thesportsdb.com/images/media/event/thumb/0paija1760899580.jpg"
"2592378","2027-02-09 00:30:00","Round 20","Toronto Maple Leafs","","Columbus Blue Jackets","","","https://r2.thesportsdb.com/images/media/event/thumb/qyvvha1760899790.jpg"
"2592379","2027-02-09 01:00:00","Round 20","Dallas Stars","","Los Angeles Kings","","","https://r2.thesportsdb.com/images/media/event/thumb/m5rfdb1760900090.jpg"
"2592381","2027-02-10 00:00:00","Round 20","Ottawa Senators","","Columbus Blue Jackets","","","https://r2.thesportsdb.com/images/media/event/thumb/ft6z7e1760900258.jpg"
"2592380","2027-02-10 00:30:00","Round 20","Carolina Hurricanes","","Colorado Avalanche","","","https://r2.thesportsdb.com/images/media/event/thumb/ttss6a1760900341.jpg"
"2592382","2027-02-10 01:00:00","Round 20","St. Louis Blues","","Los Angeles Kings","","","https://r2.thesportsdb.com/images/media/event/thumb/grpfxb1760900662.jpg"
"2592383","2027-02-10 03:00:00","Round 20","Anaheim Ducks","","Detroit Red Wings","","","https://r2.thesportsdb.com/images/media/event/thumb/aehu6x1760899600.jpg"
"2592384","2027-02-11 00:30:00","Round 20","Toronto Maple Leafs","","Boston Bruins","","","https://r2.thesportsdb.com/images/media/event/thumb/v5jg461760899672.jpg"
"2592385","2027-02-11 03:00:00","Round 20","San Jose Sharks","","Chicago Blackhawks","","","https://r2.thesportsdb.com/images/media/event/thumb/ibhtxs1760901592.jpg"
"2592386","2027-02-12 00:00:00","Round 20","Columbus Blue Jackets","","Ottawa Senators","","","https://r2.thesportsdb.com/images/media/event/thumb/uosldp1760900579.jpg"
"2592387","2027-02-12 00:30:00","Round 20","Carolina Hurricanes","","Minnesota Wild","","","https://r2.thesportsdb.com/images/media/event/thumb/4dm5in1760899652.jpg"
"2592388","2027-02-12 03:00:00","Round 20","Anaheim Ducks","","Chicago Blackhawks","","","https://r2.thesportsdb.com/images/media/event/thumb/vow96t1760899998.jpg"
"2592389","2027-02-12 03:00:00","Round 20","Los Angeles Kings","","Detroit Red Wings","","","https://r2.thesportsdb.com/images/media/event/thumb/sunomr1760899597.jpg"
"2592390","2027-02-13 00:00:00","Round 20","Florida Panthers","","Colorado Avalanche","","","https://r2.thesportsdb.com/images/media/event/thumb/cyxobp1760900357.jpg"
"2592391","2027-02-13 00:00:00","Round 20","New York Rangers","","New York Islanders","","","https://r2.thesportsdb.com/images/media/event/thumb/pg39451760900720.jpg"
"2592392","2027-02-13 00:00:00","Round 20","Tampa Bay Lightning","","Dallas Stars","","","https://r2.thesportsdb.com/images/media/event/thumb/2wb4ll1760899588.jpg"
"2592393","2027-02-13 01:00:00","Round 20","Edmonton Oilers","","St. Louis Blues","","","https://r2.thesportsdb.com/images/media/event/thumb/1bt4dh1760900556.jpg"
"2592394","2027-02-13 02:00:00","Round 20","Utah Mammoth","","Calgary Flames","","","https://r2.thesportsdb.com/images/media/event/thumb/g0bnfb1760899446.jpg"
"2592395","2027-02-13 18:00:00","Round 20","Montreal Canadiens","","Washington Capitals","","","https://r2.thesportsdb.com/images/media/event/thumb/v6udy11760900941.jpg"
"2592396","2027-02-13 18:00:00","Round 20","Nashville Predators","","Anaheim Ducks","","","https://r2.thesportsdb.com/images/media/event/thumb/i8t19p1760901774.jpg"
"2592397","2027-02-13 21:00:00","Round 20","San Jose Sharks","","Detroit Red Wings","","","https://r2.thesportsdb.com/images/media/event/thumb/h5s2db1760899623.jpg"
"2592398","2027-02-13 23:00:00","Round 20","Florida Panthers","","Dallas Stars","","","https://r2.thesportsdb.com/images/media/event/thumb/u4rjd81760899607.jpg"
"2592399","2027-02-13 23:00:00","Round 20","Los Angeles Kings","","Chicago Blackhawks","","","https://r2.thesportsdb.com/images/media/event/thumb/hph5ao1760899981.jpg"
"2592400","2027-02-14 00:00:00","Round 20","Boston Bruins","","Columbus Blue Jackets","","","https://r2.thesportsdb.com/images/media/event/thumb/59l75b1760900896.jpg"
"2592401","2027-02-14 00:00:00","Round 20","Carolina Hurricanes","","Buffalo Sabres","","","https://r2.thesportsdb.com/images/media/event/thumb/fvexhm1760900558.jpg"
"2592402","2027-02-14 00:00:00","Round 20","Edmonton Oilers","","Pittsburgh Penguins","","","https://r2.thesportsdb.com/images/media/event/thumb/c75vqy1760900622.jpg"
"2592403","2027-02-14 00:00:00","Round 20","New York Islanders","","Minnesota Wild","","","https://r2.thesportsdb.com/images/media/event/thumb/5ql3781760899663.jpg"
"2592404","2027-02-14 00:00:00","Round 20","Ottawa Senators","","Toronto Maple Leafs","","","https://r2.thesportsdb.com/images/media/event/thumb/70pjzm1760901767.jpg"
"2592405","2027-02-14 00:00:00","Round 20","Tampa Bay Lightning","","Colorado Avalanche","","","https://r2.thesportsdb.com/images/media/event/thumb/2gxegb1760900373.jpg"
"2592406","2027-02-14 00:30:00","Round 20","Philadelphia Flyers","","New Jersey Devils","","","https://r2.thesportsdb.com/images/media/event/thumb/ttujoz1760899816.jpg"
"2592407","2027-02-14 03:00:00","Round 20","Vegas Golden Knights","","Calgary Flames","","","https://r2.thesportsdb.com/images/media/event/thumb/bb0fht1760901514.jpg"
"2592408","2027-02-14 03:00:00","Round 20","Vancouver Canucks","","Winnipeg Jets","","","https://r2.thesportsdb.com/images/media/event/thumb/rs2pq11760900879.jpg"
"2592409","2027-02-14 03:00:00","Round 20","Seattle Kraken","","St. Louis Blues","","","https://r2.thesportsdb.com/images/media/event/thumb/g1o81t1760901010.jpg"
"2592410","2027-02-14 18:00:00","Round 20","Montreal Canadiens","","New York Rangers","","","https://r2.thesportsdb.com/images/media/event/thumb/qoyjkj1760899470.jpg"
"2592411","2027-02-14 18:00:00","Round 20","Washington Capitals","","Utah Mammoth","","","https://r2.thesportsdb.com/images/media/event/thumb/u4xc2y1760900990.jpg"
"2592412","2027-02-15 19:00:00","Round 21","Boston Bruins","","Anaheim Ducks","","","https://r2.thesportsdb.com/images/media/event/thumb/txkvkz1760899511.jpg"
"2592413","2027-02-15 20:00:00","Round 21","Colorado Avalanche","","Columbus Blue Jackets","","","https://r2.thesportsdb.com/images/media/event/thumb/5xft0e1760900432.jpg"
"2592414","2027-02-15 20:00:00","Round 21","New York Islanders","","Utah Mammoth","","","https://r2.thesportsdb.com/images/media/event/thumb/08t0y31760900306.jpg"
"2592416","2027-02-15 21:00:00","Round 21","Seattle Kraken","","Pittsburgh Penguins","","","https://r2.thesportsdb.com/images/media/event/thumb/p0kmb31760900563.jpg"
"2592415","2027-02-15 23:00:00","Round 21","New York Rangers","","Buffalo Sabres","","","https://r2.thesportsdb.com/images/media/event/thumb/265am01760901622.jpg"
"2592417","2027-02-16 00:30:00","Round 21","Minnesota Wild","","Ottawa Senators","","","https://r2.thesportsdb.com/images/media/event/thumb/obm4nn1760900054.jpg"
"2592418","2027-02-16 00:30:00","Round 21","San Jose Sharks","","Winnipeg Jets","","","https://r2.thesportsdb.com/images/media/event/thumb/2hvc0g1760900956.jpg"
"2592419","2027-02-16 01:00:00","Round 21","St. Louis Blues","","Philadelphia Flyers","","","https://r2.thesportsdb.com/images/media/event/thumb/ls4yly1760899734.jpg"
"2592420","2027-02-16 03:00:00","Round 21","Vegas Golden Knights","","Detroit Red Wings","","","https://r2.thesportsdb.com/images/media/event/thumb/tudkg91760899641.jpg"
"2592421","2027-02-16 03:00:00","Round 21","Los Angeles Kings","","Calgary Flames","","","https://r2.thesportsdb.com/images/media/event/thumb/yx4vak1760900944.jpg"
"2592423","2027-02-17 00:00:00","Round 21","Toronto Maple Leafs","","Carolina Hurricanes","","","https://r2.thesportsdb.com/images/media/event/thumb/zimy2x1760901282.jpg"
"2592424","2027-02-17 00:00:00","Round 21","Washington Capitals","","Anaheim Ducks","","","https://r2.thesportsdb.com/images/media/event/thumb/0idpvk1760900365.jpg"
"2592422","2027-02-17 00:30:00","Round 21","Tampa Bay Lightning","","Florida Panthers","","","https://r2.thesportsdb.com/images/media/event/thumb/kt1ck01760900858.jpg"
"2592425","2027-02-17 01:00:00","Round 21","Dallas Stars","","Minnesota Wild","","https://r2.thesportsdb.com/images/media/event/poster/khoj5x1681781304.jpg","https://r2.thesportsdb.com/images/media/event/thumb/3shfp81760901655.jpg"
"2592426","2027-02-17 01:00:00","Round 21","Nashville Predators","","New Jersey Devils","","","https://r2.thesportsdb.com/images/media/event/thumb/pc827o1760901385.jpg"
"2592427","2027-02-17 02:00:00","Round 21","Vancouver Canucks","","Pittsburgh Penguins","","","https://r2.thesportsdb.com/images/media/event/thumb/feqibf1760900673.jpg"
"2592428","2027-02-18 00:30:00","Round 21","Chicago Blackhawks","","St. Louis Blues","","","https://r2.thesportsdb.com/images/media/event/thumb/9z0kpo1760901676.jpg"
"2592429","2027-02-18 00:30:00","Round 21","Winnipeg Jets","","Los Angeles Kings","","","https://r2.thesportsdb.com/images/media/event/thumb/f6yjlk1760900423.jpg"
"2592432","2027-02-18 01:30:00","Round 21","Edmonton Oilers","","Colorado Avalanche","","","https://r2.thesportsdb.com/images/media/event/thumb/11mo4h1760901731.jpg"
"2592430","2027-02-18 02:00:00","Round 21","Utah Mammoth","","Columbus Blue Jackets","","","https://r2.thesportsdb.com/images/media/event/thumb/s55p1m1760900457.jpg"
"2592431","2027-02-18 02:00:00","Round 21","Calgary Flames","","Boston Bruins","","","https://r2.thesportsdb.com/images/media/event/thumb/4bke8w1760900267.jpg"
"2592433","2027-02-18 02:40:00","Round 21","Seattle Kraken","","Ottawa Senators","","","https://r2.thesportsdb.com/images/media/event/thumb/619qeh1760901069.jpg"
"2592434","2027-02-19 00:00:00","Round 21","Buffalo Sabres","","Carolina Hurricanes","","","https://r2.thesportsdb.com/images/media/event/thumb/9nuhrl1760899825.jpg"
"2592435","2027-02-19 00:00:00","Round 21","Detroit Red Wings","","Montreal Canadiens","","","https://r2.thesportsdb.com/images/media/event/thumb/4faejn1760901258.jpg"
"2592436","2027-02-19 00:00:00","Round 21","Florida Panthers","","New Jersey Devils","","","https://r2.thesportsdb.com/images/media/event/thumb/wv29uk1760899786.jpg"
"2592437","2027-02-19 00:00:00","Round 21","New York Islanders","","New York Rangers","","","https://r2.thesportsdb.com/images/media/event/thumb/delzg81760900715.jpg"
"2592438","2027-02-19 00:00:00","Round 21","Tampa Bay Lightning","","Anaheim Ducks","","","https://r2.thesportsdb.com/images/media/event/thumb/gs43i01760899533.jpg"
"2592439","2027-02-19 01:00:00","Round 21","Nashville Predators","","Toronto Maple Leafs","","","https://r2.thesportsdb.com/images/media/event/thumb/cp1tjt1760900162.jpg"
"2592440","2027-02-19 01:00:00","Round 21","Minnesota Wild","","Los Angeles Kings","","","https://r2.thesportsdb.com/images/media/event/thumb/srhpei1760899429.jpg"
"2592441","2027-02-19 02:00:00","Round 21","Dallas Stars","","Philadelphia Flyers","","","https://r2.thesportsdb.com/images/media/event/thumb/65dl6j1760899749.jpg"
"2592442","2027-02-19 02:00:00","Round 21","Vancouver Canucks","","Ottawa Senators","","","https://r2.thesportsdb.com/images/media/event/thumb/bjotph1760901096.jpg"
"2592443","2027-02-19 03:00:00","Round 21","Vegas Golden Knights","","Columbus Blue Jackets","","","https://r2.thesportsdb.com/images/media/event/thumb/noayvw1760900419.jpg"
"2592444","2027-02-20 00:00:00","Round 21","Carolina Hurricanes","","Detroit Red Wings","","","https://r2.thesportsdb.com/images/media/event/thumb/8o4r6q1760900946.jpg"
"2592445","2027-02-20 00:00:00","Round 21","Washington Capitals","","San Jose Sharks","","","https://r2.thesportsdb.com/images/media/event/thumb/new3dl1760900508.jpg"
"2592446","2027-02-20 01:00:00","Round 21","Calgary Flames","","Pittsburgh Penguins","","","https://r2.thesportsdb.com/images/media/event/thumb/p77dmc1760900603.jpg"
"2592447","2027-02-20 01:00:00","Round 21","Edmonton Oilers","","Boston Bruins","","","https://r2.thesportsdb.com/images/media/event/thumb/nm6n3v1760900302.jpg"
"2592448","2027-02-20 01:00:00","Round 21","Winnipeg Jets","","St. Louis Blues","","","https://r2.thesportsdb.com/images/media/event/thumb/8axz8o1760901202.jpg"
"2592449","2027-02-20 02:00:00","Round 21","Utah Mammoth","","Seattle Kraken","","","https://r2.thesportsdb.com/images/media/event/thumb/k2f0hk1760900533.jpg"
"2592450","2027-02-20 17:30:00","Round 21","Philadelphia Flyers","","New York Rangers","","","https://r2.thesportsdb.com/images/media/event/thumb/cqq3eg1760901089.jpg"
"2592451","2027-02-20 18:30:00","Round 21","New Jersey Devils","","Buffalo Sabres","","","https://r2.thesportsdb.com/images/media/event/thumb/dd8ld61760900862.jpg"
"2592452","2027-02-20 20:00:00","Round 21","Chicago Blackhawks","","Minnesota Wild","","","https://r2.thesportsdb.com/images/media/event/thumb/sfmthl1760901231.jpg"
"2592453","2027-02-20 22:00:00","Round 21","Columbus Blue Jackets","","Nashville Predators","","","https://r2.thesportsdb.com/images/media/event/thumb/3kgok01760900987.jpg"
"2592454","2027-02-20 22:00:00","Round 21","Florida Panthers","","Anaheim Ducks","","","https://r2.thesportsdb.com/images/media/event/thumb/fz82z31760899567.jpg"
"2592455","2027-02-21 00:00:00","Round 21","Montreal Canadiens","","New York Islanders","","","https://r2.thesportsdb.com/images/media/event/thumb/62xdzr1760901308.jpg"
"2592456","2027-02-21 00:00:00","Round 21","Tampa Bay Lightning","","Toronto Maple Leafs","","","https://r2.thesportsdb.com/images/media/event/thumb/oh4uv01760900870.jpg"
"2592457","2027-02-21 01:00:00","Round 21","Dallas Stars","","Vegas Golden Knights","","","https://r2.thesportsdb.com/images/media/event/thumb/qmu1t31760901323.jpg"
"2592458","2027-02-21 03:00:00","Round 21","Vancouver Canucks","","Colorado Avalanche","","","https://r2.thesportsdb.com/images/media/event/thumb/ez2vyr1760899693.jpg"
"2592459","2027-02-21 03:30:00","Round 21","Los Angeles Kings","","Seattle Kraken","","","https://r2.thesportsdb.com/images/media/event/thumb/y9mlwf1760900845.jpg"
"2592460","2027-02-21 18:00:00","Round 21","Carolina Hurricanes","","New York Rangers","","","https://r2.thesportsdb.com/images/media/event/thumb/ntrsr91760900255.jpg"
"2592461","2027-02-21 20:30:00","Round 21","Detroit Red Wings","","Buffalo Sabres","","","https://r2.thesportsdb.com/images/media/event/thumb/yi7x8r1760899743.jpg"
"2592462","2027-02-21 23:00:00","Round 21","Chicago Blackhawks","","New Jersey Devils","","","https://r2.thesportsdb.com/images/media/event/thumb/5ei9sp1760899716.jpg"
"2592463","2027-02-21 23:00:00","Round 21","Florida Panthers","","San Jose Sharks","","","https://r2.thesportsdb.com/images/media/event/thumb/o6mkf21760900565.jpg"
"2592464","2027-02-21 23:00:00","Round 21","St. Louis Blues","","Utah Mammoth","","","https://r2.thesportsdb.com/images/media/event/thumb/hx7f2i1760899906.jpg"
"2592465","2027-02-21 23:00:00","Round 21","Washington Capitals","","Nashville Predators","","","https://r2.thesportsdb.com/images/media/event/thumb/0zs3ua1760900856.jpg"
"2592466","2027-02-21 23:00:00","Round 21","Winnipeg Jets","","Pittsburgh Penguins","","","https://r2.thesportsdb.com/images/media/event/thumb/9oj2mu1760899603.jpg"
"2592467","2027-02-22 00:00:00","Round 22","Calgary Flames","","Ottawa Senators","","","https://r2.thesportsdb.com/images/media/event/thumb/10i4g51760901026.jpg"
"2592468","2027-02-22 01:00:00","Round 22","Vancouver Canucks","","Boston Bruins","","","https://r2.thesportsdb.com/images/media/event/thumb/13kson1760900352.jpg"
"2592469","2027-02-22 19:00:00","Round 22","Philadelphia Flyers","","Montreal Canadiens","","","https://r2.thesportsdb.com/images/media/event/thumb/h6bi421760901738.jpg"
"2592470","2027-02-23 00:00:00","Round 22","Columbus Blue Jackets","","New York Islanders","","","https://r2.thesportsdb.com/images/media/event/thumb/c9i73k1760900934.jpg"
"2592471","2027-02-23 00:30:00","Round 22","Edmonton Oilers","","Ottawa Senators","","","https://r2.thesportsdb.com/images/media/event/thumb/4em5vq1760900996.jpg"
"2592472","2027-02-23 02:00:00","Round 22","Colorado Avalanche","","Vegas Golden Knights","","","https://r2.thesportsdb.com/images/media/event/thumb/d9kfjb1760901696.jpg"
"2592473","2027-02-23 02:40:00","Round 22","Seattle Kraken","","Boston Bruins","","","https://r2.thesportsdb.com/images/media/event/thumb/jrnz2e1760900389.jpg"
"2592475","2027-02-24 00:00:00","Round 22","Tampa Bay Lightning","","San Jose Sharks","","","https://r2.thesportsdb.com/images/media/event/thumb/1aujki1760900583.jpg"
"2592476","2027-02-24 00:00:00","Round 22","Toronto Maple Leafs","","Detroit Red Wings","","","https://r2.thesportsdb.com/images/media/event/thumb/gxhiuc1760900596.jpg"
"2592477","2027-02-24 00:00:00","Round 22","Washington Capitals","","New York Rangers","","","https://r2.thesportsdb.com/images/media/event/thumb/dnxz0u1760900282.jpg"
"2592474","2027-02-24 00:30:00","Round 22","New Jersey Devils","","Carolina Hurricanes","","","https://r2.thesportsdb.com/images/media/event/thumb/sqk9es1760900535.jpg"
"2592478","2027-02-24 01:00:00","Round 22","Chicago Blackhawks","","New York Islanders","","","https://r2.thesportsdb.com/images/media/event/thumb/w4kpd01760900279.jpg"
"2592479","2027-02-24 01:00:00","Round 22","Dallas Stars","","Vancouver Canucks","","","https://r2.thesportsdb.com/images/media/event/thumb/syt6yk1760899455.jpg"
"2592480","2027-02-24 01:00:00","Round 22","Minnesota Wild","","Pittsburgh Penguins","","","https://r2.thesportsdb.com/images/media/event/thumb/rl0ej61760899591.jpg"
"2592481","2027-02-24 01:00:00","Round 22","Nashville Predators","","Winnipeg Jets","","","https://r2.thesportsdb.com/images/media/event/thumb/pddovw1760899900.jpg"
"2592482","2027-02-25 00:00:00","Round 22","Philadelphia Flyers","","Buffalo Sabres","","","https://r2.thesportsdb.com/images/media/event/thumb/qgs7g01760899942.jpg"
"2592483","2027-02-25 01:00:00","Round 22","Utah Mammoth","","Calgary Flames","","","https://r2.thesportsdb.com/images/media/event/thumb/g0bnfb1760899446.jpg"
"2592484","2027-02-25 02:30:00","Round 22","Vegas Golden Knights","","Florida Panthers","","","https://r2.thesportsdb.com/images/media/event/thumb/ok00km1760899699.jpg"
"2592485","2027-02-25 03:00:00","Round 22","Anaheim Ducks","","Seattle Kraken","","","https://r2.thesportsdb.com/images/media/event/thumb/m7gwwf1760900825.jpg"
"2592486","2027-02-25 03:00:00","Round 22","Los Angeles Kings","","Montreal Canadiens","","","https://r2.thesportsdb.com/images/media/event/thumb/m1gxxv1760901057.jpg"
"2592487","2027-02-26 00:00:00","Round 22","Carolina Hurricanes","","San Jose Sharks","","","https://r2.thesportsdb.com/images/media/event/thumb/25sfw61760899989.jpg"
"2592488","2027-02-26 00:00:00","Round 22","Ottawa Senators","","Detroit Red Wings","","","https://r2.thesportsdb.com/images/media/event/thumb/6cxy4p1760900886.jpg"
"2592489","2027-02-26 00:00:00","Round 22","Pittsburgh Penguins","","Toronto Maple Leafs","","","https://r2.thesportsdb.com/images/media/event/thumb/1uxc5h1760899903.jpg"
"2592490","2027-02-26 01:00:00","Round 22","Boston Bruins","","Washington Capitals","","","https://r2.thesportsdb.com/images/media/event/thumb/og3vb51760901045.jpg"
"2592491","2027-02-26 01:00:00","Round 22","Dallas Stars","","Tampa Bay Lightning","","","https://r2.thesportsdb.com/images/media/event/thumb/24vhwb1760900552.jpg"
"2592492","2027-02-26 01:00:00","Round 22","Nashville Predators","","Edmonton Oilers","","","https://r2.thesportsdb.com/images/media/event/thumb/nlyulk1760900487.jpg"
"2592493","2027-02-26 01:00:00","Round 22","St. Louis Blues","","Vancouver Canucks","","","https://r2.thesportsdb.com/images/media/event/thumb/fh8gcj1760899593.jpg"
"2592494","2027-02-26 02:00:00","Round 22","Colorado Avalanche","","Winnipeg Jets","","","https://r2.thesportsdb.com/images/media/event/thumb/ngy6be1760901427.jpg"
"2592495","2027-02-27 00:00:00","Round 22","Columbus Blue Jackets","","New Jersey Devils","","","https://r2.thesportsdb.com/images/media/event/thumb/boegh01760900293.jpg"
"2592496","2027-02-27 00:00:00","Round 22","New York Rangers","","Washington Capitals","","","https://r2.thesportsdb.com/images/media/event/thumb/ykh2uf1760901583.jpg"
"2592497","2027-02-27 00:00:00","Round 22","New York Islanders","","Philadelphia Flyers","","","https://r2.thesportsdb.com/images/media/event/thumb/96kkj11760901524.jpg"
"2592498","2027-02-27 00:30:00","Round 22","Buffalo Sabres","","Ottawa Senators","","","https://r2.thesportsdb.com/images/media/event/thumb/keiuxg1760899442.jpg"
"2592499","2027-02-27 01:00:00","Round 22","Chicago Blackhawks","","Los Angeles Kings","","","https://r2.thesportsdb.com/images/media/event/thumb/2z8tln1760899553.jpg"
"2592500","2027-02-27 02:00:00","Round 22","Utah Mammoth","","Florida Panthers","","","https://r2.thesportsdb.com/images/media/event/thumb/juxbcs1760900026.jpg"
"2592501","2027-02-27 02:00:00","Round 22","Vegas Golden Knights","","Anaheim Ducks","","","https://r2.thesportsdb.com/images/media/event/thumb/dcsuzo1760899683.jpg"
"2592502","2027-02-27 17:30:00","Round 22","Boston Bruins","","Detroit Red Wings","","","https://r2.thesportsdb.com/images/media/event/thumb/tpc51l1760900483.jpg"
"2592503","2027-02-27 20:00:00","Round 22","Dallas Stars","","Edmonton Oilers","","","https://r2.thesportsdb.com/images/media/event/thumb/zez6nc1760901152.jpg"
"2592504","2027-02-27 21:00:00","Round 22","St. Louis Blues","","Minnesota Wild","","","https://r2.thesportsdb.com/images/media/event/thumb/85ypva1760901727.jpg"
"2592505","2027-02-28 00:00:00","Round 22","Columbus Blue Jackets","","New York Islanders","","","https://r2.thesportsdb.com/images/media/event/thumb/c9i73k1760900934.jpg"
"2592506","2027-02-28 00:00:00","Round 22","Seattle Kraken","","Winnipeg Jets","","","https://r2.thesportsdb.com/images/media/event/thumb/7yr0nf1760899728.jpg"
"2592507","2027-02-28 00:00:00","Round 22","Philadelphia Flyers","","San Jose Sharks","","","https://r2.thesportsdb.com/images/media/event/thumb/rikjh31760900009.jpg"
"2592508","2027-02-28 00:00:00","Round 22","Anaheim Ducks","","Montreal Canadiens","","","https://r2.thesportsdb.com/images/media/event/thumb/dj5bay1760901039.jpg"
"2592509","2027-02-28 00:00:00","Round 22","Colorado Avalanche","","Florida Panthers","","","https://r2.thesportsdb.com/images/media/event/thumb/2f3qg41760900045.jpg"
"2592510","2027-02-28 00:00:00","Round 22","Carolina Hurricanes","","Tampa Bay Lightning","","","https://r2.thesportsdb.com/images/media/event/thumb/9o6pug1760900893.jpg"
"2592511","2027-02-28 00:00:00","Round 22","Buffalo Sabres","","Toronto Maple Leafs","","","https://r2.thesportsdb.com/images/media/event/thumb/n67u9o1760901180.jpg"
"2592512","2027-02-28 01:00:00","Round 22","Nashville Predators","","Los Angeles Kings","","","https://r2.thesportsdb.com/images/media/event/thumb/oj6cq41760899545.jpg"
"2592513","2027-02-28 03:00:00","Round 22","Vancouver Canucks","","Calgary Flames","","","https://r2.thesportsdb.com/images/media/event/thumb/qiwz4s1760899832.jpg"
"2592514","2027-02-28 18:00:00","Round 22","Pittsburgh Penguins","","New York Rangers","","","https://r2.thesportsdb.com/images/media/event/thumb/46gk3u1760900760.jpg"
"2592515","2027-02-28 20:30:00","Round 22","Minnesota Wild","","New Jersey Devils","","","https://r2.thesportsdb.com/images/media/event/thumb/emvelg1760900469.jpg"
"2592516","2027-02-28 23:30:00","Round 22","Chicago Blackhawks","","Colorado Avalanche","","","https://r2.thesportsdb.com/images/media/event/thumb/hm6yer1760901284.jpg"
"2592517","2027-03-01 00:00:00","Round 23","Tampa Bay Lightning","","Utah Mammoth","","","https://r2.thesportsdb.com/images/media/event/thumb/wqj5iw1760900682.jpg"
"2592518","2027-03-01 02:00:00","Round 23","St. Louis Blues","","Dallas Stars","","","https://r2.thesportsdb.com/images/media/event/thumb/s5tw981760900704.jpg"
"2592519","2027-03-02 00:00:00","Round 23","Columbus Blue Jackets","","Carolina Hurricanes","","","https://r2.thesportsdb.com/images/media/event/thumb/0n4k3w1760901478.jpg"
"2592520","2027-03-02 00:00:00","Round 23","New York Islanders","","Washington Capitals","","","https://r2.thesportsdb.com/images/media/event/thumb/fvop281760899910.jpg"
"2592521","2027-03-02 00:00:00","Round 23","Toronto Maple Leafs","","Detroit Red Wings","","","https://r2.thesportsdb.com/images/media/event/thumb/gxhiuc1760900596.jpg"
"2592522","2027-03-02 00:00:00","Round 23","Winnipeg Jets","","Seattle Kraken","","","https://r2.thesportsdb.com/images/media/event/thumb/besuzp1760901590.jpg"
"2592523","2027-03-02 01:30:00","Round 23","Chicago Blackhawks","","Edmonton Oilers","","","https://r2.thesportsdb.com/images/media/event/thumb/1tpawh1760900471.jpg"
"2592524","2027-03-02 03:00:00","Round 23","Los Angeles Kings","","Anaheim Ducks","","","https://r2.thesportsdb.com/images/media/event/thumb/4tcfoq1760900526.jpg"
"2592525","2027-03-02 03:00:00","Round 23","San Jose Sharks","","Montreal Canadiens","","","https://r2.thesportsdb.com/images/media/event/thumb/4t5vkv1760901002.jpg"
"2592526","2027-03-03 00:00:00","Round 23","Philadelphia Flyers","","Vegas Golden Knights","","","https://r2.thesportsdb.com/images/media/event/thumb/i393z41760900034.jpg"
"2592527","2027-03-03 00:00:00","Round 23","Florida Panthers","","Utah Mammoth","","","https://r2.thesportsdb.com/images/media/event/thumb/hcwsbv1760900692.jpg"
"2592528","2027-03-03 00:00:00","Round 23","Buffalo Sabres","","Pittsburgh Penguins","","","https://r2.thesportsdb.com/images/media/event/thumb/p51oif1760900847.jpg"
"2592529","2027-03-03 00:00:00","Round 23","New Jersey Devils","","Ottawa Senators","","","https://r2.thesportsdb.com/images/media/event/thumb/5uuwbn1760901708.jpg"
"2592530","2027-03-03 01:00:00","Round 23","Nashville Predators","","Colorado Avalanche","","","https://r2.thesportsdb.com/images/media/event/thumb/kiwwmx1760900022.jpg"
"2592531","2027-03-03 23:30:00","Round 23","Toronto Maple Leafs","","Seattle Kraken","","","https://r2.thesportsdb.com/images/media/event/thumb/7hpyr81760899474.jpg"
"2592532","2027-03-04 00:00:00","Round 23","New York Rangers","","Boston Bruins","","","https://r2.thesportsdb.com/images/media/event/thumb/1697n11760900684.jpg"
"2592533","2027-03-04 00:00:00","Round 23","Washington Capitals","","Carolina Hurricanes","","","https://r2.thesportsdb.com/images/media/event/thumb/xkgf661760900767.jpg"
"2592534","2027-03-04 01:00:00","Round 23","Dallas Stars","","Minnesota Wild","","https://r2.thesportsdb.com/images/media/event/poster/khoj5x1681781304.jpg","https://r2.thesportsdb.com/images/media/event/thumb/3shfp81760901655.jpg"
"2592535","2027-03-04 01:30:00","Round 23","Calgary Flames","","Edmonton Oilers","","","https://r2.thesportsdb.com/images/media/event/thumb/nzriwf1760900843.jpg"
"2592536","2027-03-04 03:00:00","Round 23","Vancouver Canucks","","Chicago Blackhawks","","","https://r2.thesportsdb.com/images/media/event/thumb/mhxrli1760899648.jpg"
"2592537","2027-03-04 03:00:00","Round 23","Los Angeles Kings","","Tampa Bay Lightning","","","https://r2.thesportsdb.com/images/media/event/thumb/ysulze1760900315.jpg"
"2592538","2027-03-04 03:00:00","Round 23","San Jose Sharks","","Columbus Blue Jackets","","","https://r2.thesportsdb.com/images/media/event/thumb/mrevh81760900388.jpg"
"2592540","2027-03-04 23:00:00","Round 23","Detroit Red Wings","","New Jersey Devils","","","https://r2.thesportsdb.com/images/media/event/thumb/p9t0fz1760901680.jpg"
"2592539","2027-03-05 00:00:00","Round 23","Buffalo Sabres","","St. Louis Blues","","","https://r2.thesportsdb.com/images/media/event/thumb/9px8pz1760899651.jpg"
"2592542","2027-03-05 00:00:00","Round 23","Montreal Canadiens","","Seattle Kraken","","","https://r2.thesportsdb.com/images/media/event/thumb/kss6wy1760899434.jpg"
"2592543","2027-03-05 00:00:00","Round 23","New York Islanders","","Vegas Golden Knights","","","https://r2.thesportsdb.com/images/media/event/thumb/hb1ka21760900012.jpg"
"2592544","2027-03-05 00:00:00","Round 23","Ottawa Senators","","Boston Bruins","","","https://r2.thesportsdb.com/images/media/event/thumb/jm8yxk1760899719.jpg"
"2592545","2027-03-05 01:00:00","Round 23","Nashville Predators","","Utah Mammoth","","","https://r2.thesportsdb.com/images/media/event/thumb/2l9egc1760900652.jpg"
"2592541","2027-03-05 01:30:00","Round 23","Florida Panthers","","Pittsburgh Penguins","","","https://r2.thesportsdb.com/images/media/event/thumb/5bik4x1760899512.jpg"
"2592546","2027-03-06 00:00:00","Round 23","Philadelphia Flyers","","Dallas Stars","","","https://r2.thesportsdb.com/images/media/event/thumb/ytgzrt1760901447.jpg"
"2592547","2027-03-06 00:00:00","Round 23","New Jersey Devils","","Vegas Golden Knights","","","https://r2.thesportsdb.com/images/media/event/thumb/pciznb1760899962.jpg"
"2592548","2027-03-06 00:00:00","Round 23","Carolina Hurricanes","","Toronto Maple Leafs","","","https://r2.thesportsdb.com/images/media/event/thumb/cmk2jl1760899956.jpg"
"2592549","2027-03-06 01:00:00","Round 23","Calgary Flames","","Chicago Blackhawks","","","https://r2.thesportsdb.com/images/media/event/thumb/qmxbby1760899664.jpg"
"2592550","2027-03-06 01:00:00","Round 23","Winnipeg Jets","","Washington Capitals","","","https://r2.thesportsdb.com/images/media/event/thumb/jwlzma1760900059.jpg"
"2592551","2027-03-06 03:00:00","Round 23","Anaheim Ducks","","Tampa Bay Lightning","","","https://r2.thesportsdb.com/images/media/event/thumb/q8d1371760900288.jpg"
"2592552","2027-03-06 03:00:00","Round 23","Los Angeles Kings","","Columbus Blue Jackets","","","https://r2.thesportsdb.com/images/media/event/thumb/hiol6v1760900193.jpg"
"2592553","2027-03-06 03:00:00","Round 23","San Jose Sharks","","Colorado Avalanche","","","https://r2.thesportsdb.com/images/media/event/thumb/40yr5f1760899606.jpg"
"2592554","2027-03-06 17:30:00","Round 23","Boston Bruins","","Pittsburgh Penguins","","","https://r2.thesportsdb.com/images/media/event/thumb/8dwrzg1760900982.jpg"
"2592555","2027-03-06 20:00:00","Round 23","Buffalo Sabres","","New York Rangers","","","https://r2.thesportsdb.com/images/media/event/thumb/stlff81760899385.jpg"
"2592556","2027-03-06 20:00:00","Round 23","Ottawa Senators","","Seattle Kraken","","","https://r2.thesportsdb.com/images/media/event/thumb/t9m4a41760899450.jpg"
"2592557","2027-03-07 00:00:00","Round 23","Montreal Canadiens","","Vancouver Canucks","","","https://r2.thesportsdb.com/images/media/event/thumb/uaqxjq1760900467.jpg"
"2592558","2027-03-07 00:00:00","Round 23","Florida Panthers","","Toronto Maple Leafs","","","https://r2.thesportsdb.com/images/media/event/thumb/j5nilu1760900891.jpg"
"2592559","2027-03-07 00:00:00","Round 23","Detroit Red Wings","","Dallas Stars","","","https://r2.thesportsdb.com/images/media/event/thumb/w77da01760900196.jpg"
"2592560","2027-03-07 01:00:00","Round 23","Nashville Predators","","Minnesota Wild","","","https://r2.thesportsdb.com/images/media/event/thumb/50rwyp1760901683.jpg"
"2592561","2027-03-07 03:00:00","Round 23","San Jose Sharks","","Tampa Bay Lightning","","","https://r2.thesportsdb.com/images/media/event/thumb/pry0wc1760900336.jpg"
"2592562","2027-03-07 03:00:00","Round 23","Edmonton Oilers","","Chicago Blackhawks","","","https://r2.thesportsdb.com/images/media/event/thumb/guq3gp1760901512.jpg"
"2592563","2027-03-07 18:00:00","Round 23","Carolina Hurricanes","","Utah Mammoth","","","https://r2.thesportsdb.com/images/media/event/thumb/xmval41760900726.jpg"
"2592564","2027-03-07 18:00:00","Round 23","New York Islanders","","Pittsburgh Penguins","","","https://r2.thesportsdb.com/images/media/event/thumb/2nljfh1760901451.jpg"
"2592566","2027-03-07 20:00:00","Round 23","Winnipeg Jets","","Calgary Flames","","","https://r2.thesportsdb.com/images/media/event/thumb/uztcad1760899529.jpg"
"2592568","2027-03-07 20:00:00","Round 23","Ottawa Senators","","Buffalo Sabres","","","https://r2.thesportsdb.com/images/media/event/thumb/blc77v1760901501.jpg"
"2592565","2027-03-07 20:30:00","Round 23","Philadelphia Flyers","","St. Louis Blues","","","https://r2.thesportsdb.com/images/media/event/thumb/pyhrlx1760899789.jpg"
"2592567","2027-03-07 21:00:00","Round 23","Los Angeles Kings","","Colorado Avalanche","","","https://r2.thesportsdb.com/images/media/event/thumb/1nrlmc1760900980.jpg"
"2592569","2027-03-08 00:00:00","Round 23","New York Rangers","","Vegas Golden Knights","","","https://r2.thesportsdb.com/images/media/event/thumb/ahvt2m1760899995.jpg"
"2592570","2027-03-08 01:00:00","Round 24","Anaheim Ducks","","Columbus Blue Jackets","","","https://r2.thesportsdb.com/images/media/event/thumb/6e99ze1760900167.jpg"
"2592571","2027-03-08 02:30:00","Round 24","Minnesota Wild","","Washington Capitals","","","https://r2.thesportsdb.com/images/media/event/thumb/zlyemb1760900107.jpg"
"2592572","2027-03-09 00:00:00","Round 24","Boston Bruins","","Seattle Kraken","","","https://r2.thesportsdb.com/images/media/event/thumb/ayet661760900501.jpg"
"2592573","2027-03-09 00:30:00","Round 24","Toronto Maple Leafs","","Dallas Stars","","","https://r2.thesportsdb.com/images/media/event/thumb/zcckfk1760901722.jpg"
"2592574","2027-03-09 01:00:00","Round 24","Chicago Blackhawks","","Tampa Bay Lightning","","","https://r2.thesportsdb.com/images/media/event/thumb/1yv8ve1760900634.jpg"
"2592575","2027-03-10 00:00:00","Round 24","Pittsburgh Penguins","","Ottawa Senators","","","https://r2.thesportsdb.com/images/media/event/thumb/vikxfo1760900796.jpg"
"2592576","2027-03-10 00:00:00","Round 24","Washington Capitals","","Calgary Flames","","","https://r2.thesportsdb.com/images/media/event/thumb/affstv1760901091.jpg"
"2592577","2027-03-10 00:00:00","Round 24","New York Islanders","","Montreal Canadiens","","","https://r2.thesportsdb.com/images/media/event/thumb/rxvd6q1760901705.jpg"
"2592578","2027-03-10 00:00:00","Round 24","Florida Panthers","","New Jersey Devils","","","https://r2.thesportsdb.com/images/media/event/thumb/wv29uk1760899786.jpg"
"2592579","2027-03-10 00:00:00","Round 24","Buffalo Sabres","","Vancouver Canucks","","","https://r2.thesportsdb.com/images/media/event/thumb/e2207g1760900375.jpg"
"2592580","2027-03-10 01:00:00","Round 24","Winnipeg Jets","","Detroit Red Wings","","","https://r2.thesportsdb.com/images/media/event/thumb/x06v841760900659.jpg"
"2592581","2027-03-10 01:00:00","Round 24","Edmonton Oilers","","Los Angeles Kings","","https://r2.thesportsdb.com/images/media/event/poster/j85pt31681781317.jpg","https://r2.thesportsdb.com/images/media/event/thumb/iikvzu1760900448.jpg"
"2592582","2027-03-10 01:00:00","Round 24","St. Louis Blues","","Nashville Predators","","","https://r2.thesportsdb.com/images/media/event/thumb/cc8mk41760900235.jpg"
"2592583","2027-03-10 01:00:00","Round 24","Minnesota Wild","","Carolina Hurricanes","","","https://r2.thesportsdb.com/images/media/event/thumb/55vup61760899783.jpg"
"2592584","2027-03-10 02:00:00","Round 24","Colorado Avalanche","","Philadelphia Flyers","","","https://r2.thesportsdb.com/images/media/event/thumb/m9ytml1760900642.jpg"
"2592585","2027-03-10 02:00:00","Round 24","Utah Mammoth","","New York Rangers","","","https://r2.thesportsdb.com/images/media/event/thumb/osh66b1760899821.jpg"
"2592586","2027-03-10 03:30:00","Round 24","Vegas Golden Knights","","San Jose Sharks","","","https://r2.thesportsdb.com/images/media/event/thumb/eehwaj1760900217.jpg"
"2592587","2027-03-11 00:30:00","Round 24","Montreal Canadiens","","Boston Bruins","","","https://r2.thesportsdb.com/images/media/event/thumb/a9wl821760901227.jpg"
"2592588","2027-03-11 01:00:00","Round 24","Dallas Stars","","Anaheim Ducks","","","https://r2.thesportsdb.com/images/media/event/thumb/h42prx1760899656.jpg"
"2592589","2027-03-11 01:00:00","Round 24","Chicago Blackhawks","","Washington Capitals","","","https://r2.thesportsdb.com/images/media/event/thumb/qlnttv1760900421.jpg"
"2592590","2027-03-12 00:00:00","Round 24","Columbus Blue Jackets","","Vancouver Canucks","","","https://r2.thesportsdb.com/images/media/event/thumb/7i5zcg1760900505.jpg"
"2592592","2027-03-12 00:00:00","Round 24","Tampa Bay Lightning","","New Jersey Devils","","","https://r2.thesportsdb.com/images/media/event/thumb/3380xu1760899771.jpg"
"2592593","2027-03-12 00:00:00","Round 24","Ottawa Senators","","Minnesota Wild","","","https://r2.thesportsdb.com/images/media/event/thumb/tzd1h11760901532.jpg"
"2592591","2027-03-12 00:30:00","Round 24","Pittsburgh Penguins","","Boston Bruins","","","https://r2.thesportsdb.com/images/media/event/thumb/muu8f51760901075.jpg"
"2592594","2027-03-12 01:00:00","Round 24","Edmonton Oilers","","Nashville Predators","","","https://r2.thesportsdb.com/images/media/event/thumb/gyx4y41760901210.jpg"
"2592595","2027-03-12 01:00:00","Round 24","St. Louis Blues","","San Jose Sharks","","","https://r2.thesportsdb.com/images/media/event/thumb/cgv6ar1760901387.jpg"
"2592596","2027-03-12 01:00:00","Round 24","Winnipeg Jets","","Toronto Maple Leafs","","","https://r2.thesportsdb.com/images/media/event/thumb/9qnjka1760900542.jpg"
"2592597","2027-03-12 02:00:00","Round 24","Colorado Avalanche","","New York Rangers","","","https://r2.thesportsdb.com/images/media/event/thumb/wzyfea1760899796.jpg"
"2592598","2027-03-12 02:30:00","Round 24","Seattle Kraken","","Los Angeles Kings","","","https://r2.thesportsdb.com/images/media/event/thumb/yccm9u1760901734.jpg"
"2592599","2027-03-12 03:00:00","Round 24","Vegas Golden Knights","","Philadelphia Flyers","","","https://r2.thesportsdb.com/images/media/event/thumb/hy5u0l1760900569.jpg"
"2592600","2027-03-13 00:00:00","Round 24","Florida Panthers","","New York Islanders","","","https://r2.thesportsdb.com/images/media/event/thumb/xzgptt1760899990.jpg"
"2592601","2027-03-13 00:00:00","Round 24","Detroit Red Wings","","Buffalo Sabres","","","https://r2.thesportsdb.com/images/media/event/thumb/yi7x8r1760899743.jpg"
"2592602","2027-03-13 00:00:00","Round 24","Carolina Hurricanes","","Calgary Flames","","","https://r2.thesportsdb.com/images/media/event/thumb/r9qhif1760899913.jpg"
"2592603","2027-03-13 20:00:00","Round 24","Pittsburgh Penguins","","Washington Capitals","","","https://r2.thesportsdb.com/images/media/event/thumb/fookg31760901671.jpg"
"2592604","2027-03-13 20:30:00","Round 24","Winnipeg Jets","","Nashville Predators","","","https://r2.thesportsdb.com/images/media/event/thumb/xxhwmt1760901233.jpg"
"2592605","2027-03-13 22:00:00","Round 24","Utah Mammoth","","Philadelphia Flyers","","","https://r2.thesportsdb.com/images/media/event/thumb/i561sp1760900600.jpg"
"2592606","2027-03-13 23:00:00","Round 24","Colorado Avalanche","","Chicago Blackhawks","","","https://r2.thesportsdb.com/images/media/event/thumb/5k4sw11760900931.jpg"
"2592607","2027-03-13 23:30:00","Round 24","St. Louis Blues","","Anaheim Ducks","","","https://r2.thesportsdb.com/images/media/event/thumb/o8e4hg1760899921.jpg"
"2592608","2027-03-14 00:00:00","Round 24","Ottawa Senators","","Montreal Canadiens","","","https://r2.thesportsdb.com/images/media/event/thumb/61ldmo1760901131.jpg"
"2592609","2027-03-14 00:00:00","Round 24","Toronto Maple Leafs","","Vancouver Canucks","","","https://r2.thesportsdb.com/images/media/event/thumb/a7h3lb1760900442.jpg"
"2592610","2027-03-14 00:00:00","Round 24","Tampa Bay Lightning","","New York Islanders","","","https://r2.thesportsdb.com/images/media/event/thumb/axzlga1760899974.jpg"
"2592611","2027-03-14 00:00:00","Round 24","Columbus Blue Jackets","","San Jose Sharks","","","https://r2.thesportsdb.com/images/media/event/thumb/6lokc01760901415.jpg"
"2592612","2027-03-14 00:00:00","Round 24","Carolina Hurricanes","","New Jersey Devils","","","https://r2.thesportsdb.com/images/media/event/thumb/c5u00e1760901413.jpg"
"2592613","2027-03-14 00:00:00","Round 24","Boston Bruins","","Calgary Flames","","","https://r2.thesportsdb.com/images/media/event/thumb/59rpc71760900400.jpg"
"2592614","2027-03-14 02:00:00","Round 24","Los Angeles Kings","","Dallas Stars","","","https://r2.thesportsdb.com/images/media/event/thumb/rbphvz1760900474.jpg"
"2592615","2027-03-14 03:00:00","Round 24","Seattle Kraken","","Edmonton Oilers","","","https://r2.thesportsdb.com/images/media/event/thumb/609blf1760899897.jpg"
"2592616","2027-03-14 03:00:00","Round 24","Vegas Golden Knights","","New York Rangers","","","https://r2.thesportsdb.com/images/media/event/thumb/d013wf1760899779.jpg"
"2592617","2027-03-14 18:00:00","Round 24","Pittsburgh Penguins","","Detroit Red Wings","","","https://r2.thesportsdb.com/images/media/event/thumb/xbfvgu1760901463.jpg"
"2592618","2027-03-14 20:30:00","Round 24","Chicago Blackhawks","","Anaheim Ducks","","","https://r2.thesportsdb.com/images/media/event/thumb/1juf6x1760899912.jpg"
"2592619","2027-03-14 21:00:00","Round 24","Ottawa Senators","","Vancouver Canucks","","","https://r2.thesportsdb.com/images/media/event/thumb/s8zi511760900478.jpg"
"2592620","2027-03-14 23:00:00","Round 24","Minnesota Wild","","Buffalo Sabres","","","https://r2.thesportsdb.com/images/media/event/thumb/53jygn1760899904.jpg"
"2592621","2027-03-15 19:00:00","Round 25","Washington Capitals","","Tampa Bay Lightning","","","https://r2.thesportsdb.com/images/media/event/thumb/qd6yan1760899812.jpg"
"2592622","2027-03-15 23:00:00","Round 25","Buffalo Sabres","","San Jose Sharks","","","https://r2.thesportsdb.com/images/media/event/thumb/q8p3391760901108.jpg"
"2592623","2027-03-15 23:00:00","Round 25","Boston Bruins","","New York Islanders","","","https://r2.thesportsdb.com/images/media/event/thumb/v3p1en1760899568.jpg"
"2592624","2027-03-15 23:30:00","Round 25","Toronto Maple Leafs","","Florida Panthers","","","https://r2.thesportsdb.com/images/media/event/thumb/l539i11760901690.jpg"
"2592625","2027-03-16 01:00:00","Round 25","Utah Mammoth","","Dallas Stars","","","https://r2.thesportsdb.com/images/media/event/thumb/k43lf41760900784.jpg"
"2592626","2027-03-16 01:30:00","Round 25","Calgary Flames","","Nashville Predators","","","https://r2.thesportsdb.com/images/media/event/thumb/v44ogh1760900340.jpg"
"2592627","2027-03-16 01:30:00","Round 25","Colorado Avalanche","","Edmonton Oilers","","","https://r2.thesportsdb.com/images/media/event/thumb/1ssgyi1760901126.jpg"
"2592628","2027-03-16 01:40:00","Round 25","Seattle Kraken","","St. Louis Blues","","","https://r2.thesportsdb.com/images/media/event/thumb/g1o81t1760901010.jpg"
"2592629","2027-03-16 02:00:00","Round 25","Vegas Golden Knights","","Winnipeg Jets","","https://r2.thesportsdb.com/images/media/event/poster/i4mn8y1681781241.jpg","https://r2.thesportsdb.com/images/media/event/thumb/zsrmqh1760901736.jpg"
"2592630","2027-03-16 23:00:00","Round 25","New York Rangers","","Ottawa Senators","","","https://r2.thesportsdb.com/images/media/event/thumb/ag1hb41760901334.jpg"
"2592631","2027-03-16 23:00:00","Round 25","Philadelphia Flyers","","Detroit Red Wings","","","https://r2.thesportsdb.com/images/media/event/thumb/j5obib1760901492.jpg"
"2592632","2027-03-16 23:00:00","Round 25","Montreal Canadiens","","Florida Panthers","","","https://r2.thesportsdb.com/images/media/event/thumb/9r84w31760901601.jpg"
"2592633","2027-03-16 23:00:00","Round 25","Columbus Blue Jackets","","Pittsburgh Penguins","","","https://r2.thesportsdb.com/images/media/event/thumb/yjpu781760900355.jpg"
"2592634","2027-03-17 00:00:00","Round 25","Chicago Blackhawks","","San Jose Sharks","","","https://r2.thesportsdb.com/images/media/event/thumb/62nmfw1760901769.jpg"
"2592636","2027-03-17 02:00:00","Round 25","Los Angeles Kings","","Winnipeg Jets","","","https://r2.thesportsdb.com/images/media/event/thumb/690kv81760899642.jpg"
"2592635","2027-03-17 02:30:00","Round 25","Anaheim Ducks","","Carolina Hurricanes","","","https://r2.thesportsdb.com/images/media/event/thumb/1rk5g01760899456.jpg"
"2592637","2027-03-17 23:00:00","Round 25","Washington Capitals","","New York Islanders","","","https://r2.thesportsdb.com/images/media/event/thumb/rdxd7d1760900794.jpg"
"2592638","2027-03-17 23:30:00","Round 25","Toronto Maple Leafs","","Tampa Bay Lightning","","https://r2.thesportsdb.com/images/media/event/poster/612ieo1681781206.jpg","https://r2.thesportsdb.com/images/media/event/thumb/bj96f61760901053.jpg"
"2592639","2027-03-18 00:30:00","Round 25","Colorado Avalanche","","Minnesota Wild","","","https://r2.thesportsdb.com/images/media/event/thumb/axu2zi1760901072.jpg"
"2592640","2027-03-18 01:30:00","Round 25","Calgary Flames","","Dallas Stars","","","https://r2.thesportsdb.com/images/media/event/thumb/hsdmr51760900994.jpg"
"2592641","2027-03-18 02:00:00","Round 25","Vancouver Canucks","","Nashville Predators","","","https://r2.thesportsdb.com/images/media/event/thumb/9u61cz1760901163.jpg"
"2592642","2027-03-18 02:00:00","Round 25","Vegas Golden Knights","","Seattle Kraken","","","https://r2.thesportsdb.com/images/media/event/thumb/gb4o8x1760901771.jpg"
"2592643","2027-03-18 23:00:00","Round 25","New York Rangers","","Toronto Maple Leafs","","","https://r2.thesportsdb.com/images/media/event/thumb/1mftrx1760901020.jpg"
"2592644","2027-03-18 23:00:00","Round 25","Ottawa Senators","","Florida Panthers","","","https://r2.thesportsdb.com/images/media/event/thumb/gip53c1760901644.jpg"
"2592645","2027-03-18 23:00:00","Round 25","Philadelphia Flyers","","Boston Bruins","","","https://r2.thesportsdb.com/images/media/event/thumb/hzurhc1760901575.jpg"
"2592646","2027-03-18 23:00:00","Round 25","New Jersey Devils","","Pittsburgh Penguins","","","https://r2.thesportsdb.com/images/media/event/thumb/4nl3oo1760901638.jpg"
"2592647","2027-03-18 23:00:00","Round 25","Montreal Canadiens","","Tampa Bay Lightning","","","https://r2.thesportsdb.com/images/media/event/thumb/9l5k9t1760901636.jpg"
"2592648","2027-03-18 23:00:00","Round 25","Detroit Red Wings","","Columbus Blue Jackets","","","https://r2.thesportsdb.com/images/media/event/thumb/ry1ppo1760901603.jpg"
"2592649","2027-03-18 23:30:00","Round 25","Buffalo Sabres","","Washington Capitals","","","https://r2.thesportsdb.com/images/media/event/thumb/mrvpvs1760901143.jpg"
"2592650","2027-03-19 00:00:00","Round 25","Winnipeg Jets","","San Jose Sharks","","","https://r2.thesportsdb.com/images/media/event/thumb/cc8fvh1760901779.jpg"
"2592651","2027-03-19 01:00:00","Round 25","Edmonton Oilers","","St. Louis Blues","","","https://r2.thesportsdb.com/images/media/event/thumb/1bt4dh1760900556.jpg"
"2592652","2027-03-19 02:00:00","Round 25","Anaheim Ducks","","Utah Mammoth","","","https://r2.thesportsdb.com/images/media/event/thumb/nn4rb71760899945.jpg"
"2592653","2027-03-19 02:00:00","Round 25","Los Angeles Kings","","Carolina Hurricanes","","","https://r2.thesportsdb.com/images/media/event/thumb/cfz7bo1760899478.jpg"
"2592654","2027-03-20 00:00:00","Round 25","Minnesota Wild","","Calgary Flames","","","https://r2.thesportsdb.com/images/media/event/thumb/fqbk351760900740.jpg"
"2592655","2027-03-20 02:00:00","Round 25","Utah Mammoth","","Chicago Blackhawks","","","https://r2.thesportsdb.com/images/media/event/thumb/qxe3cx1760901159.jpg"
"2592656","2027-03-20 02:00:00","Round 25","Seattle Kraken","","Colorado Avalanche","","","https://r2.thesportsdb.com/images/media/event/thumb/xxbllv1760901161.jpg"
"2592658","2027-03-20 16:30:00","Round 25","Detroit Red Wings","","Montreal Canadiens","","","https://r2.thesportsdb.com/images/media/event/thumb/4faejn1760901258.jpg"
"2592657","2027-03-20 17:00:00","Round 25","Buffalo Sabres","","Florida Panthers","","","https://r2.thesportsdb.com/images/media/event/thumb/jqoqyv1760900460.jpg"
"2592659","2027-03-20 19:00:00","Round 25","New York Islanders","","Philadelphia Flyers","","","https://r2.thesportsdb.com/images/media/event/thumb/96kkj11760901524.jpg"
"2592660","2027-03-20 19:30:00","Round 25","Edmonton Oilers","","Dallas Stars","","","https://r2.thesportsdb.com/images/media/event/thumb/toysub1760899845.jpg"
"2592661","2027-03-20 21:00:00","Round 25","Nashville Predators","","Boston Bruins","","","https://r2.thesportsdb.com/images/media/event/thumb/a2gyiq1760901022.jpg"
"2592662","2027-03-20 23:00:00","Round 25","New Jersey Devils","","Toronto Maple Leafs","","","https://r2.thesportsdb.com/images/media/event/thumb/kbs3ih1760901006.jpg"
"2592663","2027-03-20 23:00:00","Round 25","Ottawa Senators","","Tampa Bay Lightning","","","https://r2.thesportsdb.com/images/media/event/thumb/11oyks1760901599.jpg"
"2592664","2027-03-20 23:00:00","Round 25","Winnipeg Jets","","Columbus Blue Jackets","","","https://r2.thesportsdb.com/images/media/event/thumb/exfuyv1760899775.jpg"
"2592665","2027-03-21 00:00:00","Round 25","New York Rangers","","Pittsburgh Penguins","","","https://r2.thesportsdb.com/images/media/event/thumb/76ypk81760900922.jpg"
"2592666","2027-03-21 02:00:00","Round 25","Vancouver Canucks","","St. Louis Blues","","","https://r2.thesportsdb.com/images/media/event/thumb/fqf9lp1760901304.jpg"
"2592667","2027-03-21 02:30:00","Round 25","Anaheim Ducks","","Vegas Golden Knights","","","https://r2.thesportsdb.com/images/media/event/thumb/7hr69z1760900792.jpg"
"2592668","2027-03-21 02:30:00","Round 25","San Jose Sharks","","Carolina Hurricanes","","","https://r2.thesportsdb.com/images/media/event/thumb/y9w9v51760899439.jpg"
"2592669","2027-03-21 18:00:00","Round 25","Minnesota Wild","","Utah Mammoth","","","https://r2.thesportsdb.com/images/media/event/thumb/qf4sgc1760901121.jpg"
"2592670","2027-03-21 19:00:00","Round 25","New York Islanders","","Buffalo Sabres","","","https://r2.thesportsdb.com/images/media/event/thumb/hkmsfo1760900650.jpg"
"2592671","2027-03-21 21:00:00","Round 25","Colorado Avalanche","","Chicago Blackhawks","","","https://r2.thesportsdb.com/images/media/event/thumb/5k4sw11760900931.jpg"
"2592672","2027-03-22 00:00:00","Round 25","New York Rangers","","Washington Capitals","","","https://r2.thesportsdb.com/images/media/event/thumb/ykh2uf1760901583.jpg"
"2592673","2027-03-22 00:00:00","Round 26","Calgary Flames","","St. Louis Blues","","","https://r2.thesportsdb.com/images/media/event/thumb/6f2l4d1760901250.jpg"
"2592674","2027-03-22 00:00:00","Round 26","Seattle Kraken","","Los Angeles Kings","","","https://r2.thesportsdb.com/images/media/event/thumb/yccm9u1760901734.jpg"
"2592675","2027-03-22 01:00:00","Round 26","Vancouver Canucks","","Edmonton Oilers","","","https://r2.thesportsdb.com/images/media/event/thumb/fth6c91760900548.jpg"
"2592676","2027-03-22 23:00:00","Round 26","Pittsburgh Penguins","","Columbus Blue Jackets","","","https://r2.thesportsdb.com/images/media/event/thumb/z1y5in1760900538.jpg"
"2592677","2027-03-22 23:30:00","Round 26","Montreal Canadiens","","Toronto Maple Leafs","","","https://r2.thesportsdb.com/images/media/event/thumb/u3a8uo1760901098.jpg"
"2592678","2027-03-23 02:00:00","Round 26","Anaheim Ducks","","San Jose Sharks","","","https://r2.thesportsdb.com/images/media/event/thumb/dee7ur1760901660.jpg"
"2592679","2027-03-23 23:00:00","Round 26","Boston Bruins","","Buffalo Sabres","","","https://r2.thesportsdb.com/images/media/event/thumb/z4pioc1760899584.jpg"
"2592680","2027-03-23 23:00:00","Round 26","New Jersey Devils","","Philadelphia Flyers","","","https://r2.thesportsdb.com/images/media/event/thumb/koz8ej1760901597.jpg"
"2592681","2027-03-23 23:00:00","Round 26","Tampa Bay Lightning","","Florida Panthers","","","https://r2.thesportsdb.com/images/media/event/thumb/kt1ck01760900858.jpg"
"2592682","2027-03-23 23:00:00","Round 26","Washington Capitals","","Detroit Red Wings","","","https://r2.thesportsdb.com/images/media/event/thumb/j3yeqy1760900150.jpg"
"2592683","2027-03-24 00:00:00","Round 26","Dallas Stars","","Carolina Hurricanes","","","https://r2.thesportsdb.com/images/media/event/thumb/hi6m4o1760899544.jpg"
"2592684","2027-03-24 00:00:00","Round 26","Minnesota Wild","","Chicago Blackhawks","","","https://r2.thesportsdb.com/images/media/event/thumb/r24gmd1760901265.jpg"
"2592685","2027-03-24 00:00:00","Round 26","Nashville Predators","","New York Rangers","","","https://r2.thesportsdb.com/images/media/event/thumb/d5n6fl1760900180.jpg"
"2592686","2027-03-24 00:00:00","Round 26","Winnipeg Jets","","St. Louis Blues","","","https://r2.thesportsdb.com/images/media/event/thumb/8axz8o1760901202.jpg"
"2592687","2027-03-24 01:00:00","Round 26","Calgary Flames","","Edmonton Oilers","","","https://r2.thesportsdb.com/images/media/event/thumb/nzriwf1760900843.jpg"
"2592688","2027-03-24 01:30:00","Round 26","Colorado Avalanche","","Utah Mammoth","","","https://r2.thesportsdb.com/images/media/event/thumb/f3cspo1760900211.jpg"
"2592689","2027-03-24 01:40:00","Round 26","Seattle Kraken","","Vegas Golden Knights","","","https://r2.thesportsdb.com/images/media/event/thumb/68t1xr1760901662.jpg"
"2592690","2027-03-24 02:00:00","Round 26","Vancouver Canucks","","Los Angeles Kings","","","https://r2.thesportsdb.com/images/media/event/thumb/8r2cud1760901757.jpg"
"2592691","2027-03-24 23:30:00","Round 26","Montreal Canadiens","","Ottawa Senators","","","https://r2.thesportsdb.com/images/media/event/thumb/sq56bv1760899927.jpg"
"2592692","2027-03-24 23:30:00","Round 26","Detroit Red Wings","","Washington Capitals","","","https://r2.thesportsdb.com/images/media/event/thumb/nlj3g41760900738.jpg"
"2592693","2027-03-25 02:00:00","Round 26","San Jose Sharks","","Anaheim Ducks","","","https://r2.thesportsdb.com/images/media/event/thumb/keol0m1760901489.jpg"
"2592696","2027-03-25 22:30:00","Round 26","Tampa Bay Lightning","","Philadelphia Flyers","","","https://r2.thesportsdb.com/images/media/event/thumb/ke4chn1760899837.jpg"
"2592694","2027-03-25 23:00:00","Round 26","Florida Panthers","","New York Rangers","","","https://r2.thesportsdb.com/images/media/event/thumb/f75drm1760901720.jpg"
"2592695","2027-03-25 23:00:00","Round 26","Pittsburgh Penguins","","New Jersey Devils","","","https://r2.thesportsdb.com/images/media/event/thumb/feszuq1760900884.jpg"
"2592697","2027-03-25 23:00:00","Round 26","Columbus Blue Jackets","","Chicago Blackhawks","","","https://r2.thesportsdb.com/images/media/event/thumb/o61wrl1760900827.jpg"
"2592698","2027-03-25 23:00:00","Round 26","Carolina Hurricanes","","Dallas Stars","","","https://r2.thesportsdb.com/images/media/event/thumb/8fzlpu1760900379.jpg"
"2592699","2027-03-25 23:00:00","Round 26","Buffalo Sabres","","Toronto Maple Leafs","","","https://r2.thesportsdb.com/images/media/event/thumb/n67u9o1760901180.jpg"
"2592700","2027-03-25 23:00:00","Round 26","Boston Bruins","","Ottawa Senators","","","https://r2.thesportsdb.com/images/media/event/thumb/p1bohs1760900183.jpg"
"2592701","2027-03-26 00:00:00","Round 26","St. Louis Blues","","New York Islanders","","","https://r2.thesportsdb.com/images/media/event/thumb/3mcwo71760901116.jpg"
"2592702","2027-03-26 00:00:00","Round 26","Winnipeg Jets","","Colorado Avalanche","","","https://r2.thesportsdb.com/images/media/event/thumb/1g0pid1760901389.jpg"
"2592703","2027-03-26 01:00:00","Round 26","Calgary Flames","","Los Angeles Kings","","","https://r2.thesportsdb.com/images/media/event/thumb/afebwp1760901781.jpg"
"2592704","2027-03-26 01:00:00","Round 26","Minnesota Wild","","Edmonton Oilers","","","https://r2.thesportsdb.com/images/media/event/thumb/j1ucae1760900152.jpg"
"2592705","2027-03-26 01:40:00","Round 26","Seattle Kraken","","Anaheim Ducks","","","https://r2.thesportsdb.com/images/media/event/thumb/kosy0w1760900646.jpg"
"2592706","2027-03-26 02:00:00","Round 26","Vancouver Canucks","","Vegas Golden Knights","","","https://r2.thesportsdb.com/images/media/event/thumb/6v9hlw1760901619.jpg"
"2592707","2027-03-26 23:00:00","Round 26","Washington Capitals","","Boston Bruins","","","https://r2.thesportsdb.com/images/media/event/thumb/ti7wgg1760901174.jpg"
"2592708","2027-03-27 00:00:00","Round 26","Chicago Blackhawks","","Nashville Predators","","","https://r2.thesportsdb.com/images/media/event/thumb/49imkr1760901319.jpg"
"2592709","2027-03-27 01:00:00","Round 26","Utah Mammoth","","San Jose Sharks","","","https://r2.thesportsdb.com/images/media/event/thumb/5g7prc1760899463.jpg"
"2592711","2027-03-27 18:00:00","Round 26","Minnesota Wild","","Seattle Kraken","","","https://r2.thesportsdb.com/images/media/event/thumb/mu14pi1760901610.jpg"
"2592710","2027-03-27 19:30:00","Round 26","Edmonton Oilers","","Los Angeles Kings","","https://r2.thesportsdb.com/images/media/event/poster/j85pt31681781317.jpg","https://r2.thesportsdb.com/images/media/event/thumb/iikvzu1760900448.jpg"
"2592712","2027-03-27 20:00:00","Round 26","Vancouver Canucks","","Anaheim Ducks","","","https://r2.thesportsdb.com/images/media/event/thumb/b73hin1760901366.jpg"
"2592713","2027-03-27 22:00:00","Round 26","Florida Panthers","","Philadelphia Flyers","","","https://r2.thesportsdb.com/images/media/event/thumb/3bsm6d1760899856.jpg"
"2592714","2027-03-27 23:00:00","Round 26","Colorado Avalanche","","Winnipeg Jets","","","https://r2.thesportsdb.com/images/media/event/thumb/ngy6be1760901427.jpg"
"2592715","2027-03-27 23:00:00","Round 26","Columbus Blue Jackets","","St. Louis Blues","","","https://r2.thesportsdb.com/images/media/event/thumb/fe15m41760899609.jpg"
"2592716","2027-03-27 23:00:00","Round 26","Montreal Canadiens","","New Jersey Devils","","","https://r2.thesportsdb.com/images/media/event/thumb/cabvs01760901580.jpg"
"2592717","2027-03-27 23:00:00","Round 26","Pittsburgh Penguins","","Carolina Hurricanes","","","https://r2.thesportsdb.com/images/media/event/thumb/ymykj51760901321.jpg"
"2592718","2027-03-27 23:00:00","Round 26","Tampa Bay Lightning","","New York Rangers","","","https://r2.thesportsdb.com/images/media/event/thumb/07qyct1760901764.jpg"
"2592719","2027-03-27 23:00:00","Round 26","Toronto Maple Leafs","","Ottawa Senators","","","https://r2.thesportsdb.com/images/media/event/thumb/q7look1760900936.jpg"
"2592720","2027-03-27 23:30:00","Round 26","New York Islanders","","Detroit Red Wings","","","https://r2.thesportsdb.com/images/media/event/thumb/ogthe61760899514.jpg"
"2592721","2027-03-28 00:00:00","Round 26","Dallas Stars","","Nashville Predators","","","https://r2.thesportsdb.com/images/media/event/thumb/9cyuu21760900949.jpg"
"2592722","2027-03-28 02:00:00","Round 26","Calgary Flames","","Vegas Golden Knights","","","https://r2.thesportsdb.com/images/media/event/thumb/5c90n61760900168.jpg"
"2592723","2027-03-28 18:00:00","Round 26","Chicago Blackhawks","","Seattle Kraken","","","https://r2.thesportsdb.com/images/media/event/thumb/kkzlbk1760899794.jpg"
"2592725","2027-03-28 22:00:00","Round 26","Montreal Canadiens","","Detroit Red Wings","","","https://r2.thesportsdb.com/images/media/event/thumb/v2k1jx1760900437.jpg"
"2592724","2027-03-28 23:00:00","Round 26","Toronto Maple Leafs","","Washington Capitals","","","https://r2.thesportsdb.com/images/media/event/thumb/4r8d8z1760901625.jpg"
"2592726","2027-03-29 00:30:00","Round 27","St. Louis Blues","","Buffalo Sabres","","","https://r2.thesportsdb.com/images/media/event/thumb/q34o9f1760900262.jpg"
"2592727","2027-03-29 23:00:00","Round 27","New Jersey Devils","","Carolina Hurricanes","","","https://r2.thesportsdb.com/images/media/event/thumb/sqk9es1760900535.jpg"
"2592728","2027-03-29 23:00:00","Round 27","New York Rangers","","Minnesota Wild","","","https://r2.thesportsdb.com/images/media/event/thumb/h3i2lc1760899487.jpg"
"2592729","2027-03-30 01:30:00","Round 27","Los Angeles Kings","","Vancouver Canucks","","","https://r2.thesportsdb.com/images/media/event/thumb/hbhrug1760901664.jpg"
"2592730","2027-03-30 02:00:00","Round 27","San Jose Sharks","","Colorado Avalanche","","","https://r2.thesportsdb.com/images/media/event/thumb/40yr5f1760899606.jpg"
"2592731","2027-03-30 23:00:00","Round 27","Washington Capitals","","Chicago Blackhawks","","","https://r2.thesportsdb.com/images/media/event/thumb/24jbcr1760900348.jpg"
"2592732","2027-03-30 23:00:00","Round 27","Tampa Bay Lightning","","Toronto Maple Leafs","","","https://r2.thesportsdb.com/images/media/event/thumb/oh4uv01760900870.jpg"
"2592733","2027-03-30 23:00:00","Round 27","Philadelphia Flyers","","Pittsburgh Penguins","","","https://r2.thesportsdb.com/images/media/event/thumb/gyd0ng1760899918.jpg"
"2592735","2027-03-30 23:00:00","Round 27","Florida Panthers","","Columbus Blue Jackets","","","https://r2.thesportsdb.com/images/media/event/thumb/ol8k2w1760901145.jpg"
"2592736","2027-03-30 23:00:00","Round 27","Detroit Red Wings","","Ottawa Senators","","","https://r2.thesportsdb.com/images/media/event/thumb/jq5vwe1760901338.jpg"
"2592737","2027-03-30 23:00:00","Round 27","Boston Bruins","","Montreal Canadiens","","","https://r2.thesportsdb.com/images/media/event/thumb/405b0w1760900654.jpg"
"2592734","2027-03-30 23:30:00","Round 27","New York Islanders","","Carolina Hurricanes","","","https://r2.thesportsdb.com/images/media/event/thumb/516f721760901741.jpg"
"2592738","2027-03-31 00:00:00","Round 27","Dallas Stars","","Calgary Flames","","","https://r2.thesportsdb.com/images/media/event/thumb/calplm1760901608.jpg"
"2592739","2027-03-31 00:00:00","Round 27","Nashville Predators","","Buffalo Sabres","","","https://r2.thesportsdb.com/images/media/event/thumb/qoh1l11760900588.jpg"
"2592740","2027-03-31 01:40:00","Round 27","Seattle Kraken","","Utah Mammoth","","","https://r2.thesportsdb.com/images/media/event/thumb/neexjq1760901517.jpg"
"2592741","2027-03-31 02:00:00","Round 27","Anaheim Ducks","","Colorado Avalanche","","","https://r2.thesportsdb.com/images/media/event/thumb/zmedhk1760901000.jpg"
"2592742","2027-03-31 23:30:00","Round 27","New Jersey Devils","","Minnesota Wild","","","https://r2.thesportsdb.com/images/media/event/thumb/hj9lqt1760899506.jpg"
"2592743","2027-04-01 00:30:00","Round 27","Edmonton Oilers","","San Jose Sharks","","","https://r2.thesportsdb.com/images/media/event/thumb/monhtc1760901235.jpg"
"2592744","2027-04-01 02:00:00","Round 27","Los Angeles Kings","","Winnipeg Jets","","","https://r2.thesportsdb.com/images/media/event/thumb/690kv81760899642.jpg"
"2592745","2027-04-01 02:30:00","Round 27","Vegas Golden Knights","","Vancouver Canucks","","","https://r2.thesportsdb.com/images/media/event/thumb/82vb591760901460.jpg"
"2592746","2027-04-01 23:00:00","Round 27","Florida Panthers","","Toronto Maple Leafs","","","https://r2.thesportsdb.com/images/media/event/thumb/j5nilu1760900891.jpg"
"2592747","2027-04-01 23:00:00","Round 27","Montreal Canadiens","","New York Rangers","","","https://r2.thesportsdb.com/images/media/event/thumb/qoyjkj1760899470.jpg"
"2592749","2027-04-01 23:00:00","Round 27","Pittsburgh Penguins","","New York Islanders","","","https://r2.thesportsdb.com/images/media/event/thumb/xf18641760899389.jpg"
"2592750","2027-04-01 23:00:00","Round 27","Tampa Bay Lightning","","Columbus Blue Jackets","","","https://r2.thesportsdb.com/images/media/event/thumb/4xw28y1760901104.jpg"
"2592751","2027-04-01 23:00:00","Round 27","Buffalo Sabres","","Boston Bruins","","","https://r2.thesportsdb.com/images/media/event/thumb/3ll2wt1760901368.jpg"
"2592748","2027-04-01 23:30:00","Round 27","Philadelphia Flyers","","Washington Capitals","","","https://r2.thesportsdb.com/images/media/event/thumb/v3pv3x1760901134.jpg"
"2592752","2027-04-02 00:00:00","Round 27","Nashville Predators","","Chicago Blackhawks","","","https://r2.thesportsdb.com/images/media/event/thumb/ahc9jx1760900898.jpg"
"2592753","2027-04-02 00:00:00","Round 27","St. Louis Blues","","Calgary Flames","","","https://r2.thesportsdb.com/images/media/event/thumb/0yx81o1760899707.jpg"
"2592754","2027-04-02 01:00:00","Round 27","Utah Mammoth","","Anaheim Ducks","","","https://r2.thesportsdb.com/images/media/event/thumb/fgbdd81760901289.jpg"
"2592755","2027-04-02 23:00:00","Round 27","New York Islanders","","Ottawa Senators","","","https://r2.thesportsdb.com/images/media/event/thumb/ga39711760901669.jpg"
"2592756","2027-04-02 23:00:00","Round 27","Detroit Red Wings","","Carolina Hurricanes","","","https://r2.thesportsdb.com/images/media/event/thumb/jwl1l81760900462.jpg"
"2592757","2027-04-03 00:00:00","Round 27","Minnesota Wild","","Dallas Stars","","","https://r2.thesportsdb.com/images/media/event/thumb/m1nvt01760901297.jpg"
"2592758","2027-04-03 01:00:00","Round 27","Colorado Avalanche","","Los Angeles Kings","","","https://r2.thesportsdb.com/images/media/event/thumb/uq416z1760900265.jpg"
"2592759","2027-04-03 02:00:00","Round 27","Vegas Golden Knights","","Edmonton Oilers","","","https://r2.thesportsdb.com/images/media/event/thumb/nghnfn1760901396.jpg"
"2592760","2027-04-03 16:30:00","Round 27","New York Rangers","","Florida Panthers","","","https://r2.thesportsdb.com/images/media/event/thumb/w1t0oo1760901438.jpg"
"2592761","2027-04-03 19:00:00","Round 27","Boston Bruins","","Tampa Bay Lightning","","","https://r2.thesportsdb.com/images/media/event/thumb/ihfoxk1760901667.jpg"
"2592762","2027-04-03 19:30:00","Round 27","Nashville Predators","","Calgary Flames","","","https://r2.thesportsdb.com/images/media/event/thumb/4l7c6j1760899932.jpg"
"2592763","2027-04-03 21:00:00","Round 27","Carolina Hurricanes","","New Jersey Devils","","","https://r2.thesportsdb.com/images/media/event/thumb/c5u00e1760901413.jpg"
"2592764","2027-04-03 21:00:00","Round 27","Washington Capitals","","Columbus Blue Jackets","","","https://r2.thesportsdb.com/images/media/event/thumb/3n6zpv1760899997.jpg"
"2592765","2027-04-03 22:00:00","Round 27","Dallas Stars","","Chicago Blackhawks","","","https://r2.thesportsdb.com/images/media/event/thumb/g8gqg11760901080.jpg"
"2592766","2027-04-03 23:00:00","Round 27","Toronto Maple Leafs","","Buffalo Sabres","","","https://r2.thesportsdb.com/images/media/event/thumb/ve5ewr1760900690.jpg"
"2592767","2027-04-03 23:00:00","Round 27","Seattle Kraken","","Winnipeg Jets","","","https://r2.thesportsdb.com/images/media/event/thumb/7yr0nf1760899728.jpg"
"2592768","2027-04-04 00:00:00","Round 27","Pittsburgh Penguins","","Philadelphia Flyers","","","https://r2.thesportsdb.com/images/media/event/thumb/zb1vxe1760901051.jpg"
"2592769","2027-04-04 02:00:00","Round 27","Anaheim Ducks","","Edmonton Oilers","","","https://r2.thesportsdb.com/images/media/event/thumb/nsfiax1760900881.jpg"
"2592770","2027-04-04 02:00:00","Round 27","Utah Mammoth","","Vegas Golden Knights","","","https://r2.thesportsdb.com/images/media/event/thumb/ox56cu1760899843.jpg"
"2592771","2027-04-04 02:00:00","Round 27","Vancouver Canucks","","San Jose Sharks","","","https://r2.thesportsdb.com/images/media/event/thumb/8ya83j1760900710.jpg"
"2592772","2027-04-04 02:30:00","Round 27","Los Angeles Kings","","St. Louis Blues","","","https://r2.thesportsdb.com/images/media/event/thumb/olqgrw1760901487.jpg"
"2592773","2027-04-04 18:00:00","Round 27","Minnesota Wild","","Colorado Avalanche","","","https://r2.thesportsdb.com/images/media/event/thumb/ch24yo1760900173.jpg"
"2592775","2027-04-04 19:00:00","Round 27","Ottawa Senators","","Detroit Red Wings","","","https://r2.thesportsdb.com/images/media/event/thumb/6cxy4p1760900886.jpg"
"2592774","2027-04-04 20:30:00","Round 27","New Jersey Devils","","Florida Panthers","","","https://r2.thesportsdb.com/images/media/event/thumb/am3v851760900988.jpg"
"2592776","2027-04-04 23:00:00","Round 27","Washington Capitals","","Pittsburgh Penguins","","","https://r2.thesportsdb.com/images/media/event/thumb/i3a4jd1760901701.jpg"
"2592777","2027-04-04 23:30:00","Round 27","New York Islanders","","Montreal Canadiens","","","https://r2.thesportsdb.com/images/media/event/thumb/rxvd6q1760901705.jpg"
"2592778","2027-04-05 01:30:00","Round 28","San Jose Sharks","","St. Louis Blues","","","https://r2.thesportsdb.com/images/media/event/thumb/aor1nr1760901458.jpg"
"2592779","2027-04-05 18:00:00","Round 28","Carolina Hurricanes","","Philadelphia Flyers","","","https://r2.thesportsdb.com/images/media/event/thumb/c4wzqg1760900077.jpg"
"2592780","2027-04-05 23:00:00","Round 28","Buffalo Sabres","","Tampa Bay Lightning","","","https://r2.thesportsdb.com/images/media/event/thumb/rg7k4g1760901588.jpg"
"2592781","2027-04-05 23:00:00","Round 28","Toronto Maple Leafs","","Boston Bruins","","","https://r2.thesportsdb.com/images/media/event/thumb/v5jg461760899672.jpg"
"2592782","2027-04-06 00:00:00","Round 28","Dallas Stars","","Seattle Kraken","","","https://r2.thesportsdb.com/images/media/event/thumb/gqogug1760900872.jpg"
"2592783","2027-04-06 01:30:00","Round 28","Edmonton Oilers","","Calgary Flames","","","https://r2.thesportsdb.com/images/media/event/thumb/bnhca01760900213.jpg"
"2592784","2027-04-06 01:30:00","Round 28","Utah Mammoth","","Winnipeg Jets","","","https://r2.thesportsdb.com/images/media/event/thumb/ejuumg1760901752.jpg"
"2592789","2027-04-06 23:00:00","Round 28","New York Rangers","","Pittsburgh Penguins","","","https://r2.thesportsdb.com/images/media/event/thumb/76ypk81760900922.jpg"
"2592786","2027-04-06 23:15:00","Round 28","Florida Panthers","","Montreal Canadiens","","","https://r2.thesportsdb.com/images/media/event/thumb/3gkfph1760900273.jpg"
"2592787","2027-04-06 23:30:00","Round 28","New Jersey Devils","","Tampa Bay Lightning","","","https://r2.thesportsdb.com/images/media/event/thumb/11cmq11760900031.jpg"
"2592788","2027-04-06 23:30:00","Round 28","New York Islanders","","Detroit Red Wings","","","https://r2.thesportsdb.com/images/media/event/thumb/ogthe61760899514.jpg"
"2592785","2027-04-06 23:45:00","Round 28","Columbus Blue Jackets","","Washington Capitals","","","https://r2.thesportsdb.com/images/media/event/thumb/fpier21760901743.jpg"
"2592790","2027-04-07 00:00:00","Round 28","Nashville Predators","","Seattle Kraken","","","https://r2.thesportsdb.com/images/media/event/thumb/98zct21760901267.jpg"
"2592791","2027-04-07 00:00:00","Round 28","Minnesota Wild","","Chicago Blackhawks","","","https://r2.thesportsdb.com/images/media/event/thumb/r24gmd1760901265.jpg"
"2592793","2027-04-07 02:00:00","Round 28","Vancouver Canucks","","Colorado Avalanche","","","https://r2.thesportsdb.com/images/media/event/thumb/ez2vyr1760899693.jpg"
"2592792","2027-04-07 02:15:00","Round 28","Anaheim Ducks","","Los Angeles Kings","","","https://r2.thesportsdb.com/images/media/event/thumb/vk5b6u1760900550.jpg"
"2592794","2027-04-07 02:30:00","Round 28","Vegas Golden Knights","","St. Louis Blues","","","https://r2.thesportsdb.com/images/media/event/thumb/yholhf1760900449.jpg"
"2592796","2027-04-07 23:00:00","Round 28","Carolina Hurricanes","","Ottawa Senators","","","https://r2.thesportsdb.com/images/media/event/thumb/osit5l1760900814.jpg"
"2592795","2027-04-07 23:30:00","Round 28","Buffalo Sabres","","Boston Bruins","","","https://r2.thesportsdb.com/images/media/event/thumb/3ll2wt1760901368.jpg"
"2592797","2027-04-08 00:00:00","Round 28","Winnipeg Jets","","Edmonton Oilers","","","https://r2.thesportsdb.com/images/media/event/thumb/3mwid91760900414.jpg"
"2592798","2027-04-08 01:00:00","Round 28","Utah Mammoth","","Dallas Stars","","","https://r2.thesportsdb.com/images/media/event/thumb/k43lf41760900784.jpg"
"2592799","2027-04-08 23:00:00","Round 28","Ottawa Senators","","Washington Capitals","","","https://r2.thesportsdb.com/images/media/event/thumb/3bxjal1760900304.jpg"
"2592800","2027-04-08 23:00:00","Round 28","Tampa Bay Lightning","","Montreal Canadiens","","","https://r2.thesportsdb.com/images/media/event/thumb/l5ypj91760901467.jpg"
"2592801","2027-04-08 23:00:00","Round 28","New Jersey Devils","","New York Islanders","","","https://r2.thesportsdb.com/images/media/event/thumb/yjbune1760900849.jpg"
"2592802","2027-04-08 23:30:00","Round 28","Columbus Blue Jackets","","Philadelphia Flyers","","","https://r2.thesportsdb.com/images/media/event/thumb/7bqxv51760900712.jpg"
"2592803","2027-04-09 00:00:00","Round 28","Chicago Blackhawks","","Nashville Predators","","","https://r2.thesportsdb.com/images/media/event/thumb/49imkr1760901319.jpg"
"2592804","2027-04-09 00:00:00","Round 28","St. Louis Blues","","Seattle Kraken","","","https://r2.thesportsdb.com/images/media/event/thumb/8zcidu1760900903.jpg"
"2592805","2027-04-09 01:00:00","Round 28","Calgary Flames","","Colorado Avalanche","","","https://r2.thesportsdb.com/images/media/event/thumb/b70x8j1760901750.jpg"
"2592806","2027-04-09 02:00:00","Round 28","San Jose Sharks","","Minnesota Wild","","","https://r2.thesportsdb.com/images/media/event/thumb/wm7v8l1760900286.jpg"
"2592807","2027-04-09 02:00:00","Round 28","Los Angeles Kings","","Vegas Golden Knights","","","https://r2.thesportsdb.com/images/media/event/thumb/rdn5l81760900877.jpg"
"2592808","2027-04-09 23:00:00","Round 28","Detroit Red Wings","","Pittsburgh Penguins","","","https://r2.thesportsdb.com/images/media/event/thumb/brtpve1760900329.jpg"
"2592809","2027-04-09 23:00:00","Round 28","Florida Panthers","","Boston Bruins","","","https://r2.thesportsdb.com/images/media/event/thumb/8ib1521760901499.jpg"
"2592810","2027-04-09 23:00:00","Round 28","Winnipeg Jets","","Vancouver Canucks","","","https://r2.thesportsdb.com/images/media/event/thumb/63ilsx1760901055.jpg"
"2592811","2027-04-10 00:00:00","Round 28","Dallas Stars","","Utah Mammoth","","","https://r2.thesportsdb.com/images/media/event/thumb/9mhg9m1760901220.jpg"
"2592812","2027-04-10 16:30:00","Round 28","Philadelphia Flyers","","Washington Capitals","","","https://r2.thesportsdb.com/images/media/event/thumb/v3pv3x1760901134.jpg"
"2592813","2027-04-10 19:00:00","Round 28","Colorado Avalanche","","Minnesota Wild","","","https://r2.thesportsdb.com/images/media/event/thumb/axu2zi1760901072.jpg"
"2592814","2027-04-10 20:00:00","Round 28","San Jose Sharks","","Anaheim Ducks","","","https://r2.thesportsdb.com/images/media/event/thumb/keol0m1760901489.jpg"
"2592815","2027-04-10 21:00:00","Round 28","New York Islanders","","Columbus Blue Jackets","","","https://r2.thesportsdb.com/images/media/event/thumb/40w7kx1760901325.jpg"
"2592816","2027-04-10 22:00:00","Round 28","Buffalo Sabres","","Detroit Red Wings","","","https://r2.thesportsdb.com/images/media/event/thumb/b06khc1760901400.jpg"
"2592817","2027-04-10 22:00:00","Round 28","Chicago Blackhawks","","Seattle Kraken","","","https://r2.thesportsdb.com/images/media/event/thumb/kkzlbk1760899794.jpg"
"2592818","2027-04-10 22:00:00","Round 28","Florida Panthers","","Carolina Hurricanes","","","https://r2.thesportsdb.com/images/media/event/thumb/32ojgt1760900139.jpg"
"2592820","2027-04-10 22:00:00","Round 28","New Jersey Devils","","Pittsburgh Penguins","","","https://r2.thesportsdb.com/images/media/event/thumb/4nl3oo1760901638.jpg"
"2592819","2027-04-10 23:00:00","Round 28","Nashville Predators","","Dallas Stars","","","https://r2.thesportsdb.com/images/media/event/thumb/y34hqf1760899670.jpg"
"2592821","2027-04-10 23:00:00","Round 28","New York Rangers","","Toronto Maple Leafs","","","https://r2.thesportsdb.com/images/media/event/thumb/1mftrx1760901020.jpg"
"2592822","2027-04-10 23:00:00","Round 28","Ottawa Senators","","Montreal Canadiens","","","https://r2.thesportsdb.com/images/media/event/thumb/61ldmo1760901131.jpg"
"2592823","2027-04-10 23:00:00","Round 28","St. Louis Blues","","Utah Mammoth","","","https://r2.thesportsdb.com/images/media/event/thumb/hx7f2i1760899906.jpg"
"2598024","2027-04-11 00:00:00","Round 28","Tampa Bay Lightning","","Boston Bruins","","","https://r2.thesportsdb.com/images/media/event/thumb/y7euu81760901540.jpg"
"2598028","2027-04-11 02:00:00","Round 28","Calgary Flames","","Vancouver Canucks","","","https://r2.thesportsdb.com/images/media/event/thumb/a932k21760901433.jpg"
"2598029","2027-04-11 02:00:00","Round 28","Edmonton Oilers","","Winnipeg Jets","","","https://r2.thesportsdb.com/images/media/event/thumb/ohvr8a1760899983.jpg"
"2598030","2027-04-11 02:30:00","Round 28","Vegas Golden Knights","","Los Angeles Kings","","","https://r2.thesportsdb.com/images/media/event/thumb/7ykc001760900860.jpg"
